Date,Close,Source
2015-01-05,10.0600004196167,TDEX.BK ETF อ้างอิง SET50 - TDEX (ตัวแทนตลาด) (Yahoo Finance)
2015-01-06,10.029999732971191,TDEX.BK ETF อ้างอิง SET50 - TDEX (ตัวแทนตลาด) (Yahoo Finance)
2015-01-07,10.100000381469728,TDEX.BK ETF อ้างอิง SET50 - TDEX (ตัวแทนตลาด) (Yahoo Finance)
2015-01-08,10.239999771118164,TDEX.BK ETF อ้างอิง SET50 - TDEX (ตัวแทนตลาด) (Yahoo Finance)
2015-01-09,10.270000457763672,TDEX.BK ETF อ้างอิง SET50 - TDEX (ตัวแทนตลาด) (Yahoo Finance)
2015-01-12,10.3100004196167,TDEX.BK ETF อ้างอิง SET50 - TDEX (ตัวแทนตลาด) (Yahoo Finance)
2015-01-13,10.289999961853027,TDEX.BK ETF อ้างอิง SET50 - TDEX (ตัวแทนตลาด) (Yahoo Finance)
2015-01-14,10.210000038146973,TDEX.BK ETF อ้างอิง SET50 - TDEX (ตัวแทนตลาด) (Yahoo Finance)
2015-01-15,10.229999542236328,TDEX.BK ETF อ้างอิง SET50 - TDEX (ตัวแทนตลาด) (Yahoo Finance)
2015-01-16,10.199999809265137,TDEX.BK ETF อ้างอิง SET50 - TDEX (ตัวแทนตลาด) (Yahoo Finance)
2015-01-19,10.300000190734863,TDEX.BK ETF อ้างอิง SET50 - TDEX (ตัวแทนตลาด) (Yahoo Finance)
2015-01-20,10.279999732971191,TDEX.BK ETF อ้างอิง SET50 - TDEX (ตัวแทนตลาด) (Yahoo Finance)
2015-01-21,10.279999732971191,TDEX.BK ETF อ้างอิง SET50 - TDEX (ตัวแทนตลาด) (Yahoo Finance)
2015-01-22,10.470000267028809,TDEX.BK ETF อ้างอิง SET50 - TDEX (ตัวแทนตลาด) (Yahoo Finance)
2015-01-23,10.779999732971191,TDEX.BK ETF อ้างอิง SET50 - TDEX (ตัวแทนตลาด) (Yahoo Finance)
2015-01-26,10.760000228881836,TDEX.BK ETF อ้างอิง SET50 - TDEX (ตัวแทนตลาด) (Yahoo Finance)
2015-01-27,10.699999809265137,TDEX.BK ETF อ้างอิง SET50 - TDEX (ตัวแทนตลาด) (Yahoo Finance)
2015-01-28,10.699999809265137,TDEX.BK ETF อ้างอิง SET50 - TDEX (ตัวแทนตลาด) (Yahoo Finance)
2015-01-29,10.68000030517578,TDEX.BK ETF อ้างอิง SET50 - TDEX (ตัวแทนตลาด) (Yahoo Finance)
2015-01-30,10.630000114440918,TDEX.BK ETF อ้างอิง SET50 - TDEX (ตัวแทนตลาด) (Yahoo Finance)
2015-02-02,10.270000457763672,TDEX.BK ETF อ้างอิง SET50 - TDEX (ตัวแทนตลาด) (Yahoo Finance)
2015-02-03,10.460000038146973,TDEX.BK ETF อ้างอิง SET50 - TDEX (ตัวแทนตลาด) (Yahoo Finance)
2015-02-04,10.5,TDEX.BK ETF อ้างอิง SET50 - TDEX (ตัวแทนตลาด) (Yahoo Finance)
2015-02-05,10.489999771118164,TDEX.BK ETF อ้างอิง SET50 - TDEX (ตัวแทนตลาด) (Yahoo Finance)
2015-02-06,10.5,TDEX.BK ETF อ้างอิง SET50 - TDEX (ตัวแทนตลาด) (Yahoo Finance)
2015-02-09,10.449999809265137,TDEX.BK ETF อ้างอิง SET50 - TDEX (ตัวแทนตลาด) (Yahoo Finance)
2015-02-10,10.380000114440918,TDEX.BK ETF อ้างอิง SET50 - TDEX (ตัวแทนตลาด) (Yahoo Finance)
2015-02-11,10.399999618530272,TDEX.BK ETF อ้างอิง SET50 - TDEX (ตัวแทนตลาด) (Yahoo Finance)
2015-02-12,10.479999542236328,TDEX.BK ETF อ้างอิง SET50 - TDEX (ตัวแทนตลาด) (Yahoo Finance)
2015-02-13,10.470000267028809,TDEX.BK ETF อ้างอิง SET50 - TDEX (ตัวแทนตลาด) (Yahoo Finance)
2015-02-16,10.420000076293944,TDEX.BK ETF อ้างอิง SET50 - TDEX (ตัวแทนตลาด) (Yahoo Finance)
2015-02-17,10.3100004196167,TDEX.BK ETF อ้างอิง SET50 - TDEX (ตัวแทนตลาด) (Yahoo Finance)
2015-02-18,10.399999618530272,TDEX.BK ETF อ้างอิง SET50 - TDEX (ตัวแทนตลาด) (Yahoo Finance)
2015-02-19,10.380000114440918,TDEX.BK ETF อ้างอิง SET50 - TDEX (ตัวแทนตลาด) (Yahoo Finance)
2015-02-20,10.350000381469728,TDEX.BK ETF อ้างอิง SET50 - TDEX (ตัวแทนตลาด) (Yahoo Finance)
2015-02-23,10.34000015258789,TDEX.BK ETF อ้างอิง SET50 - TDEX (ตัวแทนตลาด) (Yahoo Finance)
2015-02-24,10.369999885559082,TDEX.BK ETF อ้างอิง SET50 - TDEX (ตัวแทนตลาด) (Yahoo Finance)
2015-02-25,10.270000457763672,TDEX.BK ETF อ้างอิง SET50 - TDEX (ตัวแทนตลาด) (Yahoo Finance)
2015-02-26,10.279999732971191,TDEX.BK ETF อ้างอิง SET50 - TDEX (ตัวแทนตลาด) (Yahoo Finance)
2015-02-27,10.220000267028809,TDEX.BK ETF อ้างอิง SET50 - TDEX (ตัวแทนตลาด) (Yahoo Finance)
2015-03-02,10.210000038146973,TDEX.BK ETF อ้างอิง SET50 - TDEX (ตัวแทนตลาด) (Yahoo Finance)
2015-03-03,10.149999618530272,TDEX.BK ETF อ้างอิง SET50 - TDEX (ตัวแทนตลาด) (Yahoo Finance)
2015-03-05,10.06999969482422,TDEX.BK ETF อ้างอิง SET50 - TDEX (ตัวแทนตลาด) (Yahoo Finance)
2015-03-06,10.140000343322754,TDEX.BK ETF อ้างอิง SET50 - TDEX (ตัวแทนตลาด) (Yahoo Finance)
2015-03-09,10.119999885559082,TDEX.BK ETF อ้างอิง SET50 - TDEX (ตัวแทนตลาด) (Yahoo Finance)
2015-03-10,9.960000038146973,TDEX.BK ETF อ้างอิง SET50 - TDEX (ตัวแทนตลาด) (Yahoo Finance)
2015-03-11,10.020000457763672,TDEX.BK ETF อ้างอิง SET50 - TDEX (ตัวแทนตลาด) (Yahoo Finance)
2015-03-12,9.979999542236328,TDEX.BK ETF อ้างอิง SET50 - TDEX (ตัวแทนตลาด) (Yahoo Finance)
2015-03-13,10.020000457763672,TDEX.BK ETF อ้างอิง SET50 - TDEX (ตัวแทนตลาด) (Yahoo Finance)
2015-03-16,9.859999656677246,TDEX.BK ETF อ้างอิง SET50 - TDEX (ตัวแทนตลาด) (Yahoo Finance)
2015-03-17,9.84000015258789,TDEX.BK ETF อ้างอิง SET50 - TDEX (ตัวแทนตลาด) (Yahoo Finance)
2015-03-18,9.9399995803833,TDEX.BK ETF อ้างอิง SET50 - TDEX (ตัวแทนตลาด) (Yahoo Finance)
2015-03-19,9.949999809265137,TDEX.BK ETF อ้างอิง SET50 - TDEX (ตัวแทนตลาด) (Yahoo Finance)
2015-03-20,9.949999809265137,TDEX.BK ETF อ้างอิง SET50 - TDEX (ตัวแทนตลาด) (Yahoo Finance)
2015-03-23,9.90999984741211,TDEX.BK ETF อ้างอิง SET50 - TDEX (ตัวแทนตลาด) (Yahoo Finance)
2015-03-24,9.899999618530272,TDEX.BK ETF อ้างอิง SET50 - TDEX (ตัวแทนตลาด) (Yahoo Finance)
2015-03-25,9.880000114440918,TDEX.BK ETF อ้างอิง SET50 - TDEX (ตัวแทนตลาด) (Yahoo Finance)
2015-03-26,9.8100004196167,TDEX.BK ETF อ้างอิง SET50 - TDEX (ตัวแทนตลาด) (Yahoo Finance)
2015-03-27,9.81999969482422,TDEX.BK ETF อ้างอิง SET50 - TDEX (ตัวแทนตลาด) (Yahoo Finance)
2015-03-30,9.859999656677246,TDEX.BK ETF อ้างอิง SET50 - TDEX (ตัวแทนตลาด) (Yahoo Finance)
2015-03-31,9.84000015258789,TDEX.BK ETF อ้างอิง SET50 - TDEX (ตัวแทนตลาด) (Yahoo Finance)
2015-04-01,9.960000038146973,TDEX.BK ETF อ้างอิง SET50 - TDEX (ตัวแทนตลาด) (Yahoo Finance)
2015-04-02,10.050000190734863,TDEX.BK ETF อ้างอิง SET50 - TDEX (ตัวแทนตลาด) (Yahoo Finance)
2015-04-03,10.0600004196167,TDEX.BK ETF อ้างอิง SET50 - TDEX (ตัวแทนตลาด) (Yahoo Finance)
2015-04-07,10.15999984741211,TDEX.BK ETF อ้างอิง SET50 - TDEX (ตัวแทนตลาด) (Yahoo Finance)
2015-04-08,10.149999618530272,TDEX.BK ETF อ้างอิง SET50 - TDEX (ตัวแทนตลาด) (Yahoo Finance)
2015-04-09,10.140000343322754,TDEX.BK ETF อ้างอิง SET50 - TDEX (ตัวแทนตลาด) (Yahoo Finance)
2015-04-10,10.140000343322754,TDEX.BK ETF อ้างอิง SET50 - TDEX (ตัวแทนตลาด) (Yahoo Finance)
2015-04-16,10.31999969482422,TDEX.BK ETF อ้างอิง SET50 - TDEX (ตัวแทนตลาด) (Yahoo Finance)
2015-04-17,10.3100004196167,TDEX.BK ETF อ้างอิง SET50 - TDEX (ตัวแทนตลาด) (Yahoo Finance)
2015-04-20,10.229999542236328,TDEX.BK ETF อ้างอิง SET50 - TDEX (ตัวแทนตลาด) (Yahoo Finance)
2015-04-21,10.3100004196167,TDEX.BK ETF อ้างอิง SET50 - TDEX (ตัวแทนตลาด) (Yahoo Finance)
2015-04-22,10.210000038146973,TDEX.BK ETF อ้างอิง SET50 - TDEX (ตัวแทนตลาด) (Yahoo Finance)
2015-04-23,10.140000343322754,TDEX.BK ETF อ้างอิง SET50 - TDEX (ตัวแทนตลาด) (Yahoo Finance)
2015-04-24,10.1899995803833,TDEX.BK ETF อ้างอิง SET50 - TDEX (ตัวแทนตลาด) (Yahoo Finance)
2015-04-27,10.18000030517578,TDEX.BK ETF อ้างอิง SET50 - TDEX (ตัวแทนตลาด) (Yahoo Finance)
2015-04-28,10.050000190734863,TDEX.BK ETF อ้างอิง SET50 - TDEX (ตัวแทนตลาด) (Yahoo Finance)
2015-04-29,10.0,TDEX.BK ETF อ้างอิง SET50 - TDEX (ตัวแทนตลาด) (Yahoo Finance)
2015-04-30,10.039999961853027,TDEX.BK ETF อ้างอิง SET50 - TDEX (ตัวแทนตลาด) (Yahoo Finance)
2015-05-06,9.970000267028809,TDEX.BK ETF อ้างอิง SET50 - TDEX (ตัวแทนตลาด) (Yahoo Finance)
2015-05-07,9.890000343322754,TDEX.BK ETF อ้างอิง SET50 - TDEX (ตัวแทนตลาด) (Yahoo Finance)
2015-05-08,10.0,TDEX.BK ETF อ้างอิง SET50 - TDEX (ตัวแทนตลาด) (Yahoo Finance)
2015-05-11,9.960000038146973,TDEX.BK ETF อ้างอิง SET50 - TDEX (ตัวแทนตลาด) (Yahoo Finance)
2015-05-12,9.829999923706056,TDEX.BK ETF อ้างอิง SET50 - TDEX (ตัวแทนตลาด) (Yahoo Finance)
2015-05-13,9.90999984741211,TDEX.BK ETF อ้างอิง SET50 - TDEX (ตัวแทนตลาด) (Yahoo Finance)
2015-05-14,9.899999618530272,TDEX.BK ETF อ้างอิง SET50 - TDEX (ตัวแทนตลาด) (Yahoo Finance)
2015-05-15,9.979999542236328,TDEX.BK ETF อ้างอิง SET50 - TDEX (ตัวแทนตลาด) (Yahoo Finance)
2015-05-18,9.989999771118164,TDEX.BK ETF อ้างอิง SET50 - TDEX (ตัวแทนตลาด) (Yahoo Finance)
2015-05-19,10.0600004196167,TDEX.BK ETF อ้างอิง SET50 - TDEX (ตัวแทนตลาด) (Yahoo Finance)
2015-05-20,10.029999732971191,TDEX.BK ETF อ้างอิง SET50 - TDEX (ตัวแทนตลาด) (Yahoo Finance)
2015-05-21,10.0600004196167,TDEX.BK ETF อ้างอิง SET50 - TDEX (ตัวแทนตลาด) (Yahoo Finance)
2015-05-22,10.029999732971191,TDEX.BK ETF อ้างอิง SET50 - TDEX (ตัวแทนตลาด) (Yahoo Finance)
2015-05-25,9.949999809265137,TDEX.BK ETF อ้างอิง SET50 - TDEX (ตัวแทนตลาด) (Yahoo Finance)
2015-05-26,9.869999885559082,TDEX.BK ETF อ้างอิง SET50 - TDEX (ตัวแทนตลาด) (Yahoo Finance)
2015-05-27,9.869999885559082,TDEX.BK ETF อ้างอิง SET50 - TDEX (ตัวแทนตลาด) (Yahoo Finance)
2015-05-28,9.81999969482422,TDEX.BK ETF อ้างอิง SET50 - TDEX (ตัวแทนตลาด) (Yahoo Finance)
2015-05-29,9.81999969482422,TDEX.BK ETF อ้างอิง SET50 - TDEX (ตัวแทนตลาด) (Yahoo Finance)
2015-06-02,9.710000038146973,TDEX.BK ETF อ้างอิง SET50 - TDEX (ตัวแทนตลาด) (Yahoo Finance)
2015-06-03,9.729999542236328,TDEX.BK ETF อ้างอิง SET50 - TDEX (ตัวแทนตลาด) (Yahoo Finance)
2015-06-04,9.760000228881836,TDEX.BK ETF อ้างอิง SET50 - TDEX (ตัวแทนตลาด) (Yahoo Finance)
2015-06-05,9.869999885559082,TDEX.BK ETF อ้างอิง SET50 - TDEX (ตัวแทนตลาด) (Yahoo Finance)
2015-06-08,9.869999885559082,TDEX.BK ETF อ้างอิง SET50 - TDEX (ตัวแทนตลาด) (Yahoo Finance)
2015-06-09,9.8100004196167,TDEX.BK ETF อ้างอิง SET50 - TDEX (ตัวแทนตลาด) (Yahoo Finance)
2015-06-10,9.84000015258789,TDEX.BK ETF อ้างอิง SET50 - TDEX (ตัวแทนตลาด) (Yahoo Finance)
2015-06-11,9.949999809265137,TDEX.BK ETF อ้างอิง SET50 - TDEX (ตัวแทนตลาด) (Yahoo Finance)
2015-06-12,9.890000343322754,TDEX.BK ETF อ้างอิง SET50 - TDEX (ตัวแทนตลาด) (Yahoo Finance)
2015-06-15,9.859999656677246,TDEX.BK ETF อ้างอิง SET50 - TDEX (ตัวแทนตลาด) (Yahoo Finance)
2015-06-16,9.84000015258789,TDEX.BK ETF อ้างอิง SET50 - TDEX (ตัวแทนตลาด) (Yahoo Finance)
2015-06-17,9.880000114440918,TDEX.BK ETF อ้างอิง SET50 - TDEX (ตัวแทนตลาด) (Yahoo Finance)
2015-06-18,9.850000381469728,TDEX.BK ETF อ้างอิง SET50 - TDEX (ตัวแทนตลาด) (Yahoo Finance)
2015-06-19,9.729999542236328,TDEX.BK ETF อ้างอิง SET50 - TDEX (ตัวแทนตลาด) (Yahoo Finance)
2015-06-22,9.859999656677246,TDEX.BK ETF อ้างอิง SET50 - TDEX (ตัวแทนตลาด) (Yahoo Finance)
2015-06-23,9.859999656677246,TDEX.BK ETF อ้างอิง SET50 - TDEX (ตัวแทนตลาด) (Yahoo Finance)
2015-06-24,9.949999809265137,TDEX.BK ETF อ้างอิง SET50 - TDEX (ตัวแทนตลาด) (Yahoo Finance)
2015-06-25,9.979999542236328,TDEX.BK ETF อ้างอิง SET50 - TDEX (ตัวแทนตลาด) (Yahoo Finance)
2015-06-26,9.970000267028809,TDEX.BK ETF อ้างอิง SET50 - TDEX (ตัวแทนตลาด) (Yahoo Finance)
2015-06-29,9.920000076293944,TDEX.BK ETF อ้างอิง SET50 - TDEX (ตัวแทนตลาด) (Yahoo Finance)
2015-06-30,9.850000381469728,TDEX.BK ETF อ้างอิง SET50 - TDEX (ตัวแทนตลาด) (Yahoo Finance)
2015-07-02,9.789999961853027,TDEX.BK ETF อ้างอิง SET50 - TDEX (ตัวแทนตลาด) (Yahoo Finance)
2015-07-03,9.789999961853027,TDEX.BK ETF อ้างอิง SET50 - TDEX (ตัวแทนตลาด) (Yahoo Finance)
2015-07-06,9.65999984741211,TDEX.BK ETF อ้างอิง SET50 - TDEX (ตัวแทนตลาด) (Yahoo Finance)
2015-07-07,9.729999542236328,TDEX.BK ETF อ้างอิง SET50 - TDEX (ตัวแทนตลาด) (Yahoo Finance)
2015-07-08,9.640000343322754,TDEX.BK ETF อ้างอิง SET50 - TDEX (ตัวแทนตลาด) (Yahoo Finance)
2015-07-09,9.670000076293944,TDEX.BK ETF อ้างอิง SET50 - TDEX (ตัวแทนตลาด) (Yahoo Finance)
2015-07-10,9.739999771118164,TDEX.BK ETF อ้างอิง SET50 - TDEX (ตัวแทนตลาด) (Yahoo Finance)
2015-07-13,9.779999732971191,TDEX.BK ETF อ้างอิง SET50 - TDEX (ตัวแทนตลาด) (Yahoo Finance)
2015-07-14,9.75,TDEX.BK ETF อ้างอิง SET50 - TDEX (ตัวแทนตลาด) (Yahoo Finance)
2015-07-15,9.770000457763672,TDEX.BK ETF อ้างอิง SET50 - TDEX (ตัวแทนตลาด) (Yahoo Finance)
2015-07-16,9.720000267028809,TDEX.BK ETF อ้างอิง SET50 - TDEX (ตัวแทนตลาด) (Yahoo Finance)
2015-07-17,9.710000038146973,TDEX.BK ETF อ้างอิง SET50 - TDEX (ตัวแทนตลาด) (Yahoo Finance)
2015-07-20,9.619999885559082,TDEX.BK ETF อ้างอิง SET50 - TDEX (ตัวแทนตลาด) (Yahoo Finance)
2015-07-21,9.510000228881836,TDEX.BK ETF อ้างอิง SET50 - TDEX (ตัวแทนตลาด) (Yahoo Finance)
2015-07-22,9.520000457763672,TDEX.BK ETF อ้างอิง SET50 - TDEX (ตัวแทนตลาด) (Yahoo Finance)
2015-07-23,9.489999771118164,TDEX.BK ETF อ้างอิง SET50 - TDEX (ตัวแทนตลาด) (Yahoo Finance)
2015-07-24,9.43000030517578,TDEX.BK ETF อ้างอิง SET50 - TDEX (ตัวแทนตลาด) (Yahoo Finance)
2015-07-27,9.270000457763672,TDEX.BK ETF อ้างอิง SET50 - TDEX (ตัวแทนตลาด) (Yahoo Finance)
2015-07-28,9.229999542236328,TDEX.BK ETF อ้างอิง SET50 - TDEX (ตัวแทนตลาด) (Yahoo Finance)
2015-07-29,9.31999969482422,TDEX.BK ETF อ้างอิง SET50 - TDEX (ตัวแทนตลาด) (Yahoo Finance)
2015-07-31,9.420000076293944,TDEX.BK ETF อ้างอิง SET50 - TDEX (ตัวแทนตลาด) (Yahoo Finance)
2015-08-03,9.4399995803833,TDEX.BK ETF อ้างอิง SET50 - TDEX (ตัวแทนตลาด) (Yahoo Finance)
2015-08-04,9.359999656677246,TDEX.BK ETF อ้างอิง SET50 - TDEX (ตัวแทนตลาด) (Yahoo Finance)
2015-08-05,9.4399995803833,TDEX.BK ETF อ้างอิง SET50 - TDEX (ตัวแทนตลาด) (Yahoo Finance)
2015-08-06,9.359999656677246,TDEX.BK ETF อ้างอิง SET50 - TDEX (ตัวแทนตลาด) (Yahoo Finance)
2015-08-07,9.34000015258789,TDEX.BK ETF อ้างอิง SET50 - TDEX (ตัวแทนตลาด) (Yahoo Finance)
2015-08-10,9.289999961853027,TDEX.BK ETF อ้างอิง SET50 - TDEX (ตัวแทนตลาด) (Yahoo Finance)
2015-08-11,9.239999771118164,TDEX.BK ETF อ้างอิง SET50 - TDEX (ตัวแทนตลาด) (Yahoo Finance)
2015-08-13,9.119999885559082,TDEX.BK ETF อ้างอิง SET50 - TDEX (ตัวแทนตลาด) (Yahoo Finance)
2015-08-14,9.25,TDEX.BK ETF อ้างอิง SET50 - TDEX (ตัวแทนตลาด) (Yahoo Finance)
2015-08-17,9.239999771118164,TDEX.BK ETF อ้างอิง SET50 - TDEX (ตัวแทนตลาด) (Yahoo Finance)
2015-08-18,8.930000305175781,TDEX.BK ETF อ้างอิง SET50 - TDEX (ตัวแทนตลาด) (Yahoo Finance)
2015-08-19,8.979999542236328,TDEX.BK ETF อ้างอิง SET50 - TDEX (ตัวแทนตลาด) (Yahoo Finance)
2015-08-20,8.930000305175781,TDEX.BK ETF อ้างอิง SET50 - TDEX (ตัวแทนตลาด) (Yahoo Finance)
2015-08-21,8.890000343322754,TDEX.BK ETF อ้างอิง SET50 - TDEX (ตัวแทนตลาด) (Yahoo Finance)
2015-08-24,8.479999542236328,TDEX.BK ETF อ้างอิง SET50 - TDEX (ตัวแทนตลาด) (Yahoo Finance)
2015-08-25,8.600000381469727,TDEX.BK ETF อ้างอิง SET50 - TDEX (ตัวแทนตลาด) (Yahoo Finance)
2015-08-26,8.630000114440918,TDEX.BK ETF อ้างอิง SET50 - TDEX (ตัวแทนตลาด) (Yahoo Finance)
2015-08-27,8.859999656677246,TDEX.BK ETF อ้างอิง SET50 - TDEX (ตัวแทนตลาด) (Yahoo Finance)
2015-08-28,8.9399995803833,TDEX.BK ETF อ้างอิง SET50 - TDEX (ตัวแทนตลาด) (Yahoo Finance)
2015-08-31,9.020000457763672,TDEX.BK ETF อ้างอิง SET50 - TDEX (ตัวแทนตลาด) (Yahoo Finance)
2015-09-01,8.920000076293945,TDEX.BK ETF อ้างอิง SET50 - TDEX (ตัวแทนตลาด) (Yahoo Finance)
2015-09-02,9.0,TDEX.BK ETF อ้างอิง SET50 - TDEX (ตัวแทนตลาด) (Yahoo Finance)
2015-09-03,9.079999923706056,TDEX.BK ETF อ้างอิง SET50 - TDEX (ตัวแทนตลาด) (Yahoo Finance)
2015-09-04,8.949999809265137,TDEX.BK ETF อ้างอิง SET50 - TDEX (ตัวแทนตลาด) (Yahoo Finance)
2015-09-07,8.960000038146973,TDEX.BK ETF อ้างอิง SET50 - TDEX (ตัวแทนตลาด) (Yahoo Finance)
2015-09-08,9.0,TDEX.BK ETF อ้างอิง SET50 - TDEX (ตัวแทนตลาด) (Yahoo Finance)
2015-09-09,9.15999984741211,TDEX.BK ETF อ้างอิง SET50 - TDEX (ตัวแทนตลาด) (Yahoo Finance)
2015-09-10,9.109999656677246,TDEX.BK ETF อ้างอิง SET50 - TDEX (ตัวแทนตลาด) (Yahoo Finance)
2015-09-11,9.06999969482422,TDEX.BK ETF อ้างอิง SET50 - TDEX (ตัวแทนตลาด) (Yahoo Finance)
2015-09-14,9.010000228881836,TDEX.BK ETF อ้างอิง SET50 - TDEX (ตัวแทนตลาด) (Yahoo Finance)
2015-09-15,8.979999542236328,TDEX.BK ETF อ้างอิง SET50 - TDEX (ตัวแทนตลาด) (Yahoo Finance)
2015-09-16,9.050000190734863,TDEX.BK ETF อ้างอิง SET50 - TDEX (ตัวแทนตลาด) (Yahoo Finance)
2015-09-17,9.100000381469728,TDEX.BK ETF อ้างอิง SET50 - TDEX (ตัวแทนตลาด) (Yahoo Finance)
2015-09-18,9.109999656677246,TDEX.BK ETF อ้างอิง SET50 - TDEX (ตัวแทนตลาด) (Yahoo Finance)
2015-09-21,9.09000015258789,TDEX.BK ETF อ้างอิง SET50 - TDEX (ตัวแทนตลาด) (Yahoo Finance)
2015-09-22,9.020000457763672,TDEX.BK ETF อ้างอิง SET50 - TDEX (ตัวแทนตลาด) (Yahoo Finance)
2015-09-23,8.960000038146973,TDEX.BK ETF อ้างอิง SET50 - TDEX (ตัวแทนตลาด) (Yahoo Finance)
2015-09-24,8.930000305175781,TDEX.BK ETF อ้างอิง SET50 - TDEX (ตัวแทนตลาด) (Yahoo Finance)
2015-09-25,8.949999809265137,TDEX.BK ETF อ้างอิง SET50 - TDEX (ตัวแทนตลาด) (Yahoo Finance)
2015-09-28,8.819999694824219,TDEX.BK ETF อ้างอิง SET50 - TDEX (ตัวแทนตลาด) (Yahoo Finance)
2015-09-29,8.779999732971191,TDEX.BK ETF อ้างอิง SET50 - TDEX (ตัวแทนตลาด) (Yahoo Finance)
2015-09-30,8.760000228881836,TDEX.BK ETF อ้างอิง SET50 - TDEX (ตัวแทนตลาด) (Yahoo Finance)
2015-10-01,8.75,TDEX.BK ETF อ้างอิง SET50 - TDEX (ตัวแทนตลาด) (Yahoo Finance)
2015-10-02,8.729999542236328,TDEX.BK ETF อ้างอิง SET50 - TDEX (ตัวแทนตลาด) (Yahoo Finance)
2015-10-05,8.890000343322754,TDEX.BK ETF อ้างอิง SET50 - TDEX (ตัวแทนตลาด) (Yahoo Finance)
2015-10-06,8.90999984741211,TDEX.BK ETF อ้างอิง SET50 - TDEX (ตัวแทนตลาด) (Yahoo Finance)
2015-10-07,9.109999656677246,TDEX.BK ETF อ้างอิง SET50 - TDEX (ตัวแทนตลาด) (Yahoo Finance)
2015-10-08,9.149999618530272,TDEX.BK ETF อ้างอิง SET50 - TDEX (ตัวแทนตลาด) (Yahoo Finance)
2015-10-09,9.270000457763672,TDEX.BK ETF อ้างอิง SET50 - TDEX (ตัวแทนตลาด) (Yahoo Finance)
2015-10-12,9.260000228881836,TDEX.BK ETF อ้างอิง SET50 - TDEX (ตัวแทนตลาด) (Yahoo Finance)
2015-10-13,9.239999771118164,TDEX.BK ETF อ้างอิง SET50 - TDEX (ตัวแทนตลาด) (Yahoo Finance)
2015-10-14,9.149999618530272,TDEX.BK ETF อ้างอิง SET50 - TDEX (ตัวแทนตลาด) (Yahoo Finance)
2015-10-15,9.289999961853027,TDEX.BK ETF อ้างอิง SET50 - TDEX (ตัวแทนตลาด) (Yahoo Finance)
2015-10-16,9.270000457763672,TDEX.BK ETF อ้างอิง SET50 - TDEX (ตัวแทนตลาด) (Yahoo Finance)
2015-10-19,9.239999771118164,TDEX.BK ETF อ้างอิง SET50 - TDEX (ตัวแทนตลาด) (Yahoo Finance)
2015-10-20,9.220000267028809,TDEX.BK ETF อ้างอิง SET50 - TDEX (ตัวแทนตลาด) (Yahoo Finance)
2015-10-21,9.220000267028809,TDEX.BK ETF อ้างอิง SET50 - TDEX (ตัวแทนตลาด) (Yahoo Finance)
2015-10-22,9.199999809265137,TDEX.BK ETF อ้างอิง SET50 - TDEX (ตัวแทนตลาด) (Yahoo Finance)
2015-10-26,9.289999961853027,TDEX.BK ETF อ้างอิง SET50 - TDEX (ตัวแทนตลาด) (Yahoo Finance)
2015-10-27,9.279999732971191,TDEX.BK ETF อ้างอิง SET50 - TDEX (ตัวแทนตลาด) (Yahoo Finance)
2015-10-28,9.1899995803833,TDEX.BK ETF อ้างอิง SET50 - TDEX (ตัวแทนตลาด) (Yahoo Finance)
2015-10-29,9.079999923706056,TDEX.BK ETF อ้างอิง SET50 - TDEX (ตัวแทนตลาด) (Yahoo Finance)
2015-10-30,9.09000015258789,TDEX.BK ETF อ้างอิง SET50 - TDEX (ตัวแทนตลาด) (Yahoo Finance)
2015-11-02,9.210000038146973,TDEX.BK ETF อ้างอิง SET50 - TDEX (ตัวแทนตลาด) (Yahoo Finance)
2015-11-03,9.210000038146973,TDEX.BK ETF อ้างอิง SET50 - TDEX (ตัวแทนตลาด) (Yahoo Finance)
2015-11-04,9.260000228881836,TDEX.BK ETF อ้างอิง SET50 - TDEX (ตัวแทนตลาด) (Yahoo Finance)
2015-11-05,9.199999809265137,TDEX.BK ETF อ้างอิง SET50 - TDEX (ตัวแทนตลาด) (Yahoo Finance)
2015-11-06,9.199999809265137,TDEX.BK ETF อ้างอิง SET50 - TDEX (ตัวแทนตลาด) (Yahoo Finance)
2015-11-09,9.130000114440918,TDEX.BK ETF อ้างอิง SET50 - TDEX (ตัวแทนตลาด) (Yahoo Finance)
2015-11-10,9.0600004196167,TDEX.BK ETF อ้างอิง SET50 - TDEX (ตัวแทนตลาด) (Yahoo Finance)
2015-11-11,9.020000457763672,TDEX.BK ETF อ้างอิง SET50 - TDEX (ตัวแทนตลาด) (Yahoo Finance)
2015-11-12,8.979999542236328,TDEX.BK ETF อ้างอิง SET50 - TDEX (ตัวแทนตลาด) (Yahoo Finance)
2015-11-13,8.970000267028809,TDEX.BK ETF อ้างอิง SET50 - TDEX (ตัวแทนตลาด) (Yahoo Finance)
2015-11-16,8.979999542236328,TDEX.BK ETF อ้างอิง SET50 - TDEX (ตัวแทนตลาด) (Yahoo Finance)
2015-11-17,9.0,TDEX.BK ETF อ้างอิง SET50 - TDEX (ตัวแทนตลาด) (Yahoo Finance)
2015-11-18,8.930000305175781,TDEX.BK ETF อ้างอิง SET50 - TDEX (ตัวแทนตลาด) (Yahoo Finance)
2015-11-19,8.949999809265137,TDEX.BK ETF อ้างอิง SET50 - TDEX (ตัวแทนตลาด) (Yahoo Finance)
2015-11-20,9.029999732971191,TDEX.BK ETF อ้างอิง SET50 - TDEX (ตัวแทนตลาด) (Yahoo Finance)
2015-11-23,9.050000190734863,TDEX.BK ETF อ้างอิง SET50 - TDEX (ตัวแทนตลาด) (Yahoo Finance)
2015-11-24,8.949999809265137,TDEX.BK ETF อ้างอิง SET50 - TDEX (ตัวแทนตลาด) (Yahoo Finance)
2015-11-25,8.920000076293945,TDEX.BK ETF อ้างอิง SET50 - TDEX (ตัวแทนตลาด) (Yahoo Finance)
2015-11-26,8.829999923706055,TDEX.BK ETF อ้างอิง SET50 - TDEX (ตัวแทนตลาด) (Yahoo Finance)
2015-11-27,8.800000190734863,TDEX.BK ETF อ้างอิง SET50 - TDEX (ตัวแทนตลาด) (Yahoo Finance)
2015-11-30,8.770000457763672,TDEX.BK ETF อ้างอิง SET50 - TDEX (ตัวแทนตลาด) (Yahoo Finance)
2015-12-01,8.760000228881836,TDEX.BK ETF อ้างอิง SET50 - TDEX (ตัวแทนตลาด) (Yahoo Finance)
2015-12-02,8.680000305175781,TDEX.BK ETF อ้างอิง SET50 - TDEX (ตัวแทนตลาด) (Yahoo Finance)
2015-12-03,8.680000305175781,TDEX.BK ETF อ้างอิง SET50 - TDEX (ตัวแทนตลาด) (Yahoo Finance)
2015-12-04,8.670000076293945,TDEX.BK ETF อ้างอิง SET50 - TDEX (ตัวแทนตลาด) (Yahoo Finance)
2015-12-08,8.479999542236328,TDEX.BK ETF อ้างอิง SET50 - TDEX (ตัวแทนตลาด) (Yahoo Finance)
2015-12-09,8.420000076293945,TDEX.BK ETF อ้างอิง SET50 - TDEX (ตัวแทนตลาด) (Yahoo Finance)
2015-12-11,8.300000190734863,TDEX.BK ETF อ้างอิง SET50 - TDEX (ตัวแทนตลาด) (Yahoo Finance)
2015-12-14,8.199999809265137,TDEX.BK ETF อ้างอิง SET50 - TDEX (ตัวแทนตลาด) (Yahoo Finance)
2015-12-15,8.40999984741211,TDEX.BK ETF อ้างอิง SET50 - TDEX (ตัวแทนตลาด) (Yahoo Finance)
2015-12-16,8.420000076293945,TDEX.BK ETF อ้างอิง SET50 - TDEX (ตัวแทนตลาด) (Yahoo Finance)
2015-12-17,8.460000038146973,TDEX.BK ETF อ้างอิง SET50 - TDEX (ตัวแทนตลาด) (Yahoo Finance)
2015-12-18,8.279999732971191,TDEX.BK ETF อ้างอิง SET50 - TDEX (ตัวแทนตลาด) (Yahoo Finance)
2015-12-21,8.130000114440918,TDEX.BK ETF อ้างอิง SET50 - TDEX (ตัวแทนตลาด) (Yahoo Finance)
2015-12-22,8.109999656677246,TDEX.BK ETF อ้างอิง SET50 - TDEX (ตัวแทนตลาด) (Yahoo Finance)
2015-12-23,8.180000305175781,TDEX.BK ETF อ้างอิง SET50 - TDEX (ตัวแทนตลาด) (Yahoo Finance)
2015-12-24,8.260000228881836,TDEX.BK ETF อ้างอิง SET50 - TDEX (ตัวแทนตลาด) (Yahoo Finance)
2015-12-25,8.199999809265137,TDEX.BK ETF อ้างอิง SET50 - TDEX (ตัวแทนตลาด) (Yahoo Finance)
2015-12-28,8.25,TDEX.BK ETF อ้างอิง SET50 - TDEX (ตัวแทนตลาด) (Yahoo Finance)
2015-12-29,8.1899995803833,TDEX.BK ETF อ้างอิง SET50 - TDEX (ตัวแทนตลาด) (Yahoo Finance)
2015-12-30,8.199999809265137,TDEX.BK ETF อ้างอิง SET50 - TDEX (ตัวแทนตลาด) (Yahoo Finance)
2016-01-04,8.130000114440918,TDEX.BK ETF อ้างอิง SET50 - TDEX (ตัวแทนตลาด) (Yahoo Finance)
2016-01-05,7.960000038146973,TDEX.BK ETF อ้างอิง SET50 - TDEX (ตัวแทนตลาด) (Yahoo Finance)
2016-01-06,7.989999771118164,TDEX.BK ETF อ้างอิง SET50 - TDEX (ตัวแทนตลาด) (Yahoo Finance)
2016-01-07,7.75,TDEX.BK ETF อ้างอิง SET50 - TDEX (ตัวแทนตลาด) (Yahoo Finance)
2016-01-08,7.849999904632568,TDEX.BK ETF อ้างอิง SET50 - TDEX (ตัวแทนตลาด) (Yahoo Finance)
2016-01-11,7.75,TDEX.BK ETF อ้างอิง SET50 - TDEX (ตัวแทนตลาด) (Yahoo Finance)
2016-01-12,7.909999847412109,TDEX.BK ETF อ้างอิง SET50 - TDEX (ตัวแทนตลาด) (Yahoo Finance)
2016-01-13,8.09000015258789,TDEX.BK ETF อ้างอิง SET50 - TDEX (ตัวแทนตลาด) (Yahoo Finance)
2016-01-14,8.0,TDEX.BK ETF อ้างอิง SET50 - TDEX (ตัวแทนตลาด) (Yahoo Finance)
2016-01-15,7.840000152587891,TDEX.BK ETF อ้างอิง SET50 - TDEX (ตัวแทนตลาด) (Yahoo Finance)
2016-01-18,7.820000171661377,TDEX.BK ETF อ้างอิง SET50 - TDEX (ตัวแทนตลาด) (Yahoo Finance)
2016-01-19,7.96999979019165,TDEX.BK ETF อ้างอิง SET50 - TDEX (ตัวแทนตลาด) (Yahoo Finance)
2016-01-20,7.869999885559082,TDEX.BK ETF อ้างอิง SET50 - TDEX (ตัวแทนตลาด) (Yahoo Finance)
2016-01-21,7.849999904632568,TDEX.BK ETF อ้างอิง SET50 - TDEX (ตัวแทนตลาด) (Yahoo Finance)
2016-01-22,8.039999961853027,TDEX.BK ETF อ้างอิง SET50 - TDEX (ตัวแทนตลาด) (Yahoo Finance)
2016-01-25,8.0600004196167,TDEX.BK ETF อ้างอิง SET50 - TDEX (ตัวแทนตลาด) (Yahoo Finance)
2016-01-26,8.029999732971191,TDEX.BK ETF อ้างอิง SET50 - TDEX (ตัวแทนตลาด) (Yahoo Finance)
2016-01-27,8.09000015258789,TDEX.BK ETF อ้างอิง SET50 - TDEX (ตัวแทนตลาด) (Yahoo Finance)
2016-01-28,8.1899995803833,TDEX.BK ETF อ้างอิง SET50 - TDEX (ตัวแทนตลาด) (Yahoo Finance)
2016-01-29,8.289999961853027,TDEX.BK ETF อ้างอิง SET50 - TDEX (ตัวแทนตลาด) (Yahoo Finance)
2016-02-01,8.289999961853027,TDEX.BK ETF อ้างอิง SET50 - TDEX (ตัวแทนตลาด) (Yahoo Finance)
2016-02-02,8.239999771118164,TDEX.BK ETF อ้างอิง SET50 - TDEX (ตัวแทนตลาด) (Yahoo Finance)
2016-02-03,8.229999542236328,TDEX.BK ETF อ้างอิง SET50 - TDEX (ตัวแทนตลาด) (Yahoo Finance)
2016-02-04,8.3100004196167,TDEX.BK ETF อ้างอิง SET50 - TDEX (ตัวแทนตลาด) (Yahoo Finance)
2016-02-05,8.359999656677246,TDEX.BK ETF อ้างอิง SET50 - TDEX (ตัวแทนตลาด) (Yahoo Finance)
2016-02-08,8.369999885559082,TDEX.BK ETF อ้างอิง SET50 - TDEX (ตัวแทนตลาด) (Yahoo Finance)
2016-02-09,8.300000190734863,TDEX.BK ETF อ้างอิง SET50 - TDEX (ตัวแทนตลาด) (Yahoo Finance)
2016-02-10,8.300000190734863,TDEX.BK ETF อ้างอิง SET50 - TDEX (ตัวแทนตลาด) (Yahoo Finance)
2016-02-11,8.170000076293945,TDEX.BK ETF อ้างอิง SET50 - TDEX (ตัวแทนตลาด) (Yahoo Finance)
2016-02-12,8.15999984741211,TDEX.BK ETF อ้างอิง SET50 - TDEX (ตัวแทนตลาด) (Yahoo Finance)
2016-02-15,8.25,TDEX.BK ETF อ้างอิง SET50 - TDEX (ตัวแทนตลาด) (Yahoo Finance)
2016-02-16,8.260000228881836,TDEX.BK ETF อ้างอิง SET50 - TDEX (ตัวแทนตลาด) (Yahoo Finance)
2016-02-17,8.239999771118164,TDEX.BK ETF อ้างอิง SET50 - TDEX (ตัวแทนตลาด) (Yahoo Finance)
2016-02-18,8.3100004196167,TDEX.BK ETF อ้างอิง SET50 - TDEX (ตัวแทนตลาด) (Yahoo Finance)
2016-02-19,8.5,TDEX.BK ETF อ้างอิง SET50 - TDEX (ตัวแทนตลาด) (Yahoo Finance)
2016-02-23,8.579999923706055,TDEX.BK ETF อ้างอิง SET50 - TDEX (ตัวแทนตลาด) (Yahoo Finance)
2016-02-24,8.630000114440918,TDEX.BK ETF อ้างอิง SET50 - TDEX (ตัวแทนตลาด) (Yahoo Finance)
2016-02-25,8.640000343322754,TDEX.BK ETF อ้างอิง SET50 - TDEX (ตัวแทนตลาด) (Yahoo Finance)
2016-02-26,8.680000305175781,TDEX.BK ETF อ้างอิง SET50 - TDEX (ตัวแทนตลาด) (Yahoo Finance)
2016-02-29,8.649999618530273,TDEX.BK ETF อ้างอิง SET50 - TDEX (ตัวแทนตลาด) (Yahoo Finance)
2016-03-01,8.770000457763672,TDEX.BK ETF อ้างอิง SET50 - TDEX (ตัวแทนตลาด) (Yahoo Finance)
2016-03-02,8.899999618530273,TDEX.BK ETF อ้างอิง SET50 - TDEX (ตัวแทนตลาด) (Yahoo Finance)
2016-03-03,8.970000267028809,TDEX.BK ETF อ้างอิง SET50 - TDEX (ตัวแทนตลาด) (Yahoo Finance)
2016-03-04,9.079999923706056,TDEX.BK ETF อ้างอิง SET50 - TDEX (ตัวแทนตลาด) (Yahoo Finance)
2016-03-07,9.130000114440918,TDEX.BK ETF อ้างอิง SET50 - TDEX (ตัวแทนตลาด) (Yahoo Finance)
2016-03-08,9.039999961853027,TDEX.BK ETF อ้างอิง SET50 - TDEX (ตัวแทนตลาด) (Yahoo Finance)
2016-03-09,9.06999969482422,TDEX.BK ETF อ้างอิง SET50 - TDEX (ตัวแทนตลาด) (Yahoo Finance)
2016-03-10,9.050000190734863,TDEX.BK ETF อ้างอิง SET50 - TDEX (ตัวแทนตลาด) (Yahoo Finance)
2016-03-11,9.109999656677246,TDEX.BK ETF อ้างอิง SET50 - TDEX (ตัวแทนตลาด) (Yahoo Finance)
2016-03-14,9.15999984741211,TDEX.BK ETF อ้างอิง SET50 - TDEX (ตัวแทนตลาด) (Yahoo Finance)
2016-03-15,9.029999732971191,TDEX.BK ETF อ้างอิง SET50 - TDEX (ตัวแทนตลาด) (Yahoo Finance)
2016-03-16,8.979999542236328,TDEX.BK ETF อ้างอิง SET50 - TDEX (ตัวแทนตลาด) (Yahoo Finance)
2016-03-17,9.020000457763672,TDEX.BK ETF อ้างอิง SET50 - TDEX (ตัวแทนตลาด) (Yahoo Finance)
2016-03-18,8.989999771118164,TDEX.BK ETF อ้างอิง SET50 - TDEX (ตัวแทนตลาด) (Yahoo Finance)
2016-03-21,9.039999961853027,TDEX.BK ETF อ้างอิง SET50 - TDEX (ตัวแทนตลาด) (Yahoo Finance)
2016-03-22,9.119999885559082,TDEX.BK ETF อ้างอิง SET50 - TDEX (ตัวแทนตลาด) (Yahoo Finance)
2016-03-23,9.229999542236328,TDEX.BK ETF อ้างอิง SET50 - TDEX (ตัวแทนตลาด) (Yahoo Finance)
2016-03-24,9.220000267028809,TDEX.BK ETF อ้างอิง SET50 - TDEX (ตัวแทนตลาด) (Yahoo Finance)
2016-03-25,9.130000114440918,TDEX.BK ETF อ้างอิง SET50 - TDEX (ตัวแทนตลาด) (Yahoo Finance)
2016-03-28,9.06999969482422,TDEX.BK ETF อ้างอิง SET50 - TDEX (ตัวแทนตลาด) (Yahoo Finance)
2016-03-29,9.050000190734863,TDEX.BK ETF อ้างอิง SET50 - TDEX (ตัวแทนตลาด) (Yahoo Finance)
2016-03-30,9.170000076293944,TDEX.BK ETF อ้างอิง SET50 - TDEX (ตัวแทนตลาด) (Yahoo Finance)
2016-03-31,9.149999618530272,TDEX.BK ETF อ้างอิง SET50 - TDEX (ตัวแทนตลาด) (Yahoo Finance)
2016-04-01,9.15999984741211,TDEX.BK ETF อ้างอิง SET50 - TDEX (ตัวแทนตลาด) (Yahoo Finance)
2016-04-04,9.149999618530272,TDEX.BK ETF อ้างอิง SET50 - TDEX (ตัวแทนตลาด) (Yahoo Finance)
2016-04-05,8.949999809265137,TDEX.BK ETF อ้างอิง SET50 - TDEX (ตัวแทนตลาด) (Yahoo Finance)
2016-04-07,8.770000457763672,TDEX.BK ETF อ้างอิง SET50 - TDEX (ตัวแทนตลาด) (Yahoo Finance)
2016-04-08,8.850000381469727,TDEX.BK ETF อ้างอิง SET50 - TDEX (ตัวแทนตลาด) (Yahoo Finance)
2016-04-11,8.890000343322754,TDEX.BK ETF อ้างอิง SET50 - TDEX (ตัวแทนตลาด) (Yahoo Finance)
2016-04-12,8.979999542236328,TDEX.BK ETF อ้างอิง SET50 - TDEX (ตัวแทนตลาด) (Yahoo Finance)
2016-04-18,9.09000015258789,TDEX.BK ETF อ้างอิง SET50 - TDEX (ตัวแทนตลาด) (Yahoo Finance)
2016-04-19,9.220000267028809,TDEX.BK ETF อ้างอิง SET50 - TDEX (ตัวแทนตลาด) (Yahoo Finance)
2016-04-20,8.979999542236328,TDEX.BK ETF อ้างอิง SET50 - TDEX (ตัวแทนตลาด) (Yahoo Finance)
2016-04-21,8.960000038146973,TDEX.BK ETF อ้างอิง SET50 - TDEX (ตัวแทนตลาด) (Yahoo Finance)
2016-04-22,8.84000015258789,TDEX.BK ETF อ้างอิง SET50 - TDEX (ตัวแทนตลาด) (Yahoo Finance)
2016-04-25,8.8100004196167,TDEX.BK ETF อ้างอิง SET50 - TDEX (ตัวแทนตลาด) (Yahoo Finance)
2016-04-26,8.899999618530273,TDEX.BK ETF อ้างอิง SET50 - TDEX (ตัวแทนตลาด) (Yahoo Finance)
2016-04-27,8.84000015258789,TDEX.BK ETF อ้างอิง SET50 - TDEX (ตัวแทนตลาด) (Yahoo Finance)
2016-04-28,8.770000457763672,TDEX.BK ETF อ้างอิง SET50 - TDEX (ตัวแทนตลาด) (Yahoo Finance)
2016-04-29,8.720000267028809,TDEX.BK ETF อ้างอิง SET50 - TDEX (ตัวแทนตลาด) (Yahoo Finance)
2016-05-03,8.739999771118164,TDEX.BK ETF อ้างอิง SET50 - TDEX (ตัวแทนตลาด) (Yahoo Finance)
2016-05-04,8.699999809265137,TDEX.BK ETF อ้างอิง SET50 - TDEX (ตัวแทนตลาด) (Yahoo Finance)
2016-05-09,8.770000457763672,TDEX.BK ETF อ้างอิง SET50 - TDEX (ตัวแทนตลาด) (Yahoo Finance)
2016-05-10,8.729999542236328,TDEX.BK ETF อ้างอิง SET50 - TDEX (ตัวแทนตลาด) (Yahoo Finance)
2016-05-11,8.680000305175781,TDEX.BK ETF อ้างอิง SET50 - TDEX (ตัวแทนตลาด) (Yahoo Finance)
2016-05-12,8.789999961853027,TDEX.BK ETF อ้างอิง SET50 - TDEX (ตัวแทนตลาด) (Yahoo Finance)
2016-05-13,8.800000190734863,TDEX.BK ETF อ้างอิง SET50 - TDEX (ตัวแทนตลาด) (Yahoo Finance)
2016-05-16,8.829999923706055,TDEX.BK ETF อ้างอิง SET50 - TDEX (ตัวแทนตลาด) (Yahoo Finance)
2016-05-17,8.90999984741211,TDEX.BK ETF อ้างอิง SET50 - TDEX (ตัวแทนตลาด) (Yahoo Finance)
2016-05-18,8.850000381469727,TDEX.BK ETF อ้างอิง SET50 - TDEX (ตัวแทนตลาด) (Yahoo Finance)
2016-05-19,8.729999542236328,TDEX.BK ETF อ้างอิง SET50 - TDEX (ตัวแทนตลาด) (Yahoo Finance)
2016-05-23,8.720000267028809,TDEX.BK ETF อ้างอิง SET50 - TDEX (ตัวแทนตลาด) (Yahoo Finance)
2016-05-24,8.75,TDEX.BK ETF อ้างอิง SET50 - TDEX (ตัวแทนตลาด) (Yahoo Finance)
2016-05-25,8.829999923706055,TDEX.BK ETF อ้างอิง SET50 - TDEX (ตัวแทนตลาด) (Yahoo Finance)
2016-05-26,8.84000015258789,TDEX.BK ETF อ้างอิง SET50 - TDEX (ตัวแทนตลาด) (Yahoo Finance)
2016-05-27,8.899999618530273,TDEX.BK ETF อ้างอิง SET50 - TDEX (ตัวแทนตลาด) (Yahoo Finance)
2016-05-30,8.989999771118164,TDEX.BK ETF อ้างอิง SET50 - TDEX (ตัวแทนตลาด) (Yahoo Finance)
2016-05-31,9.010000228881836,TDEX.BK ETF อ้างอิง SET50 - TDEX (ตัวแทนตลาด) (Yahoo Finance)
2016-06-01,8.960000038146973,TDEX.BK ETF อ้างอิง SET50 - TDEX (ตัวแทนตลาด) (Yahoo Finance)
2016-06-02,9.0,TDEX.BK ETF อ้างอิง SET50 - TDEX (ตัวแทนตลาด) (Yahoo Finance)
2016-06-03,9.050000190734863,TDEX.BK ETF อ้างอิง SET50 - TDEX (ตัวแทนตลาด) (Yahoo Finance)
2016-06-06,9.079999923706056,TDEX.BK ETF อ้างอิง SET50 - TDEX (ตัวแทนตลาด) (Yahoo Finance)
2016-06-07,9.09000015258789,TDEX.BK ETF อ้างอิง SET50 - TDEX (ตัวแทนตลาด) (Yahoo Finance)
2016-06-08,9.100000381469728,TDEX.BK ETF อ้างอิง SET50 - TDEX (ตัวแทนตลาด) (Yahoo Finance)
2016-06-09,9.050000190734863,TDEX.BK ETF อ้างอิง SET50 - TDEX (ตัวแทนตลาด) (Yahoo Finance)
2016-06-10,9.020000457763672,TDEX.BK ETF อ้างอิง SET50 - TDEX (ตัวแทนตลาด) (Yahoo Finance)
2016-06-13,8.930000305175781,TDEX.BK ETF อ้างอิง SET50 - TDEX (ตัวแทนตลาด) (Yahoo Finance)
2016-06-14,8.970000267028809,TDEX.BK ETF อ้างอิง SET50 - TDEX (ตัวแทนตลาด) (Yahoo Finance)
2016-06-15,9.0,TDEX.BK ETF อ้างอิง SET50 - TDEX (ตัวแทนตลาด) (Yahoo Finance)
2016-06-16,8.859999656677246,TDEX.BK ETF อ้างอิง SET50 - TDEX (ตัวแทนตลาด) (Yahoo Finance)
2016-06-17,8.890000343322754,TDEX.BK ETF อ้างอิง SET50 - TDEX (ตัวแทนตลาด) (Yahoo Finance)
2016-06-20,8.920000076293945,TDEX.BK ETF อ้างอิง SET50 - TDEX (ตัวแทนตลาด) (Yahoo Finance)
2016-06-21,8.960000038146973,TDEX.BK ETF อ้างอิง SET50 - TDEX (ตัวแทนตลาด) (Yahoo Finance)
2016-06-22,8.920000076293945,TDEX.BK ETF อ้างอิง SET50 - TDEX (ตัวแทนตลาด) (Yahoo Finance)
2016-06-23,9.0,TDEX.BK ETF อ้างอิง SET50 - TDEX (ตัวแทนตลาด) (Yahoo Finance)
2016-06-24,8.819999694824219,TDEX.BK ETF อ้างอิง SET50 - TDEX (ตัวแทนตลาด) (Yahoo Finance)
2016-06-27,8.890000343322754,TDEX.BK ETF อ้างอิง SET50 - TDEX (ตัวแทนตลาด) (Yahoo Finance)
2016-06-28,8.9399995803833,TDEX.BK ETF อ้างอิง SET50 - TDEX (ตัวแทนตลาด) (Yahoo Finance)
2016-06-29,8.970000267028809,TDEX.BK ETF อ้างอิง SET50 - TDEX (ตัวแทนตลาด) (Yahoo Finance)
2016-06-30,8.989999771118164,TDEX.BK ETF อ้างอิง SET50 - TDEX (ตัวแทนตลาด) (Yahoo Finance)
2016-07-04,9.100000381469728,TDEX.BK ETF อ้างอิง SET50 - TDEX (ตัวแทนตลาด) (Yahoo Finance)
2016-07-05,9.050000190734863,TDEX.BK ETF อ้างอิง SET50 - TDEX (ตัวแทนตลาด) (Yahoo Finance)
2016-07-06,9.020000457763672,TDEX.BK ETF อ้างอิง SET50 - TDEX (ตัวแทนตลาด) (Yahoo Finance)
2016-07-07,9.09000015258789,TDEX.BK ETF อ้างอิง SET50 - TDEX (ตัวแทนตลาด) (Yahoo Finance)
2016-07-08,9.079999923706056,TDEX.BK ETF อ้างอิง SET50 - TDEX (ตัวแทนตลาด) (Yahoo Finance)
2016-07-11,9.140000343322754,TDEX.BK ETF อ้างอิง SET50 - TDEX (ตัวแทนตลาด) (Yahoo Finance)
2016-07-12,9.18000030517578,TDEX.BK ETF อ้างอิง SET50 - TDEX (ตัวแทนตลาด) (Yahoo Finance)
2016-07-13,9.260000228881836,TDEX.BK ETF อ้างอิง SET50 - TDEX (ตัวแทนตลาด) (Yahoo Finance)
2016-07-14,9.279999732971191,TDEX.BK ETF อ้างอิง SET50 - TDEX (ตัวแทนตลาด) (Yahoo Finance)
2016-07-15,9.300000190734863,TDEX.BK ETF อ้างอิง SET50 - TDEX (ตัวแทนตลาด) (Yahoo Finance)
2016-07-20,9.43000030517578,TDEX.BK ETF อ้างอิง SET50 - TDEX (ตัวแทนตลาด) (Yahoo Finance)
2016-07-21,9.40999984741211,TDEX.BK ETF อ้างอิง SET50 - TDEX (ตัวแทนตลาด) (Yahoo Finance)
2016-07-22,9.4399995803833,TDEX.BK ETF อ้างอิง SET50 - TDEX (ตัวแทนตลาด) (Yahoo Finance)
2016-07-25,9.470000267028809,TDEX.BK ETF อ้างอิง SET50 - TDEX (ตัวแทนตลาด) (Yahoo Finance)
2016-07-26,9.4399995803833,TDEX.BK ETF อ้างอิง SET50 - TDEX (ตัวแทนตลาด) (Yahoo Finance)
2016-07-27,9.460000038146973,TDEX.BK ETF อ้างอิง SET50 - TDEX (ตัวแทนตลาด) (Yahoo Finance)
2016-07-28,9.520000457763672,TDEX.BK ETF อ้างอิง SET50 - TDEX (ตัวแทนตลาด) (Yahoo Finance)
2016-07-29,9.520000457763672,TDEX.BK ETF อ้างอิง SET50 - TDEX (ตัวแทนตลาด) (Yahoo Finance)
2016-08-01,9.449999809265137,TDEX.BK ETF อ้างอิง SET50 - TDEX (ตัวแทนตลาด) (Yahoo Finance)
2016-08-02,9.369999885559082,TDEX.BK ETF อ้างอิง SET50 - TDEX (ตัวแทนตลาด) (Yahoo Finance)
2016-08-03,9.399999618530272,TDEX.BK ETF อ้างอิง SET50 - TDEX (ตัวแทนตลาด) (Yahoo Finance)
2016-08-04,9.43000030517578,TDEX.BK ETF อ้างอิง SET50 - TDEX (ตัวแทนตลาด) (Yahoo Finance)
2016-08-05,9.470000267028809,TDEX.BK ETF อ้างอิง SET50 - TDEX (ตัวแทนตลาด) (Yahoo Finance)
2016-08-08,9.6899995803833,TDEX.BK ETF อ้างอิง SET50 - TDEX (ตัวแทนตลาด) (Yahoo Finance)
2016-08-09,9.75,TDEX.BK ETF อ้างอิง SET50 - TDEX (ตัวแทนตลาด) (Yahoo Finance)
2016-08-10,9.729999542236328,TDEX.BK ETF อ้างอิง SET50 - TDEX (ตัวแทนตลาด) (Yahoo Finance)
2016-08-11,9.75,TDEX.BK ETF อ้างอิง SET50 - TDEX (ตัวแทนตลาด) (Yahoo Finance)
2016-08-15,9.829999923706056,TDEX.BK ETF อ้างอิง SET50 - TDEX (ตัวแทนตลาด) (Yahoo Finance)
2016-08-16,9.729999542236328,TDEX.BK ETF อ้างอิง SET50 - TDEX (ตัวแทนตลาด) (Yahoo Finance)
2016-08-17,9.68000030517578,TDEX.BK ETF อ้างอิง SET50 - TDEX (ตัวแทนตลาด) (Yahoo Finance)
2016-08-18,9.8100004196167,TDEX.BK ETF อ้างอิง SET50 - TDEX (ตัวแทนตลาด) (Yahoo Finance)
2016-08-19,9.720000267028809,TDEX.BK ETF อ้างอิง SET50 - TDEX (ตัวแทนตลาด) (Yahoo Finance)
2016-08-22,9.739999771118164,TDEX.BK ETF อ้างอิง SET50 - TDEX (ตัวแทนตลาด) (Yahoo Finance)
2016-08-23,9.720000267028809,TDEX.BK ETF อ้างอิง SET50 - TDEX (ตัวแทนตลาด) (Yahoo Finance)
2016-08-24,9.779999732971191,TDEX.BK ETF อ้างอิง SET50 - TDEX (ตัวแทนตลาด) (Yahoo Finance)
2016-08-25,9.779999732971191,TDEX.BK ETF อ้างอิง SET50 - TDEX (ตัวแทนตลาด) (Yahoo Finance)
2016-08-26,9.789999961853027,TDEX.BK ETF อ้างอิง SET50 - TDEX (ตัวแทนตลาด) (Yahoo Finance)
2016-08-29,9.739999771118164,TDEX.BK ETF อ้างอิง SET50 - TDEX (ตัวแทนตลาด) (Yahoo Finance)
2016-08-30,9.75,TDEX.BK ETF อ้างอิง SET50 - TDEX (ตัวแทนตลาด) (Yahoo Finance)
2016-08-31,9.75,TDEX.BK ETF อ้างอิง SET50 - TDEX (ตัวแทนตลาด) (Yahoo Finance)
2016-09-01,9.739999771118164,TDEX.BK ETF อ้างอิง SET50 - TDEX (ตัวแทนตลาด) (Yahoo Finance)
2016-09-02,9.640000343322754,TDEX.BK ETF อ้างอิง SET50 - TDEX (ตัวแทนตลาด) (Yahoo Finance)
2016-09-05,9.5,TDEX.BK ETF อ้างอิง SET50 - TDEX (ตัวแทนตลาด) (Yahoo Finance)
2016-09-06,9.510000228881836,TDEX.BK ETF อ้างอิง SET50 - TDEX (ตัวแทนตลาด) (Yahoo Finance)
2016-09-07,9.529999732971191,TDEX.BK ETF อ้างอิง SET50 - TDEX (ตัวแทนตลาด) (Yahoo Finance)
2016-09-08,9.390000343322754,TDEX.BK ETF อ้างอิง SET50 - TDEX (ตัวแทนตลาด) (Yahoo Finance)
2016-09-09,9.300000190734863,TDEX.BK ETF อ้างอิง SET50 - TDEX (ตัวแทนตลาด) (Yahoo Finance)
2016-09-12,9.029999732971191,TDEX.BK ETF อ้างอิง SET50 - TDEX (ตัวแทนตลาด) (Yahoo Finance)
2016-09-13,9.220000267028809,TDEX.BK ETF อ้างอิง SET50 - TDEX (ตัวแทนตลาด) (Yahoo Finance)
2016-09-14,9.31999969482422,TDEX.BK ETF อ้างอิง SET50 - TDEX (ตัวแทนตลาด) (Yahoo Finance)
2016-09-15,9.31999969482422,TDEX.BK ETF อ้างอิง SET50 - TDEX (ตัวแทนตลาด) (Yahoo Finance)
2016-09-16,9.390000343322754,TDEX.BK ETF อ้างอิง SET50 - TDEX (ตัวแทนตลาด) (Yahoo Finance)
2016-09-19,9.470000267028809,TDEX.BK ETF อ้างอิง SET50 - TDEX (ตัวแทนตลาด) (Yahoo Finance)
2016-09-20,9.369999885559082,TDEX.BK ETF อ้างอิง SET50 - TDEX (ตัวแทนตลาด) (Yahoo Finance)
2016-09-21,9.43000030517578,TDEX.BK ETF อ้างอิง SET50 - TDEX (ตัวแทนตลาด) (Yahoo Finance)
2016-09-22,9.59000015258789,TDEX.BK ETF อ้างอิง SET50 - TDEX (ตัวแทนตลาด) (Yahoo Finance)
2016-09-23,9.510000228881836,TDEX.BK ETF อ้างอิง SET50 - TDEX (ตัวแทนตลาด) (Yahoo Finance)
2016-09-26,9.479999542236328,TDEX.BK ETF อ้างอิง SET50 - TDEX (ตัวแทนตลาด) (Yahoo Finance)
2016-09-27,9.489999771118164,TDEX.BK ETF อ้างอิง SET50 - TDEX (ตัวแทนตลาด) (Yahoo Finance)
2016-09-28,9.43000030517578,TDEX.BK ETF อ้างอิง SET50 - TDEX (ตัวแทนตลาด) (Yahoo Finance)
2016-09-29,9.5,TDEX.BK ETF อ้างอิง SET50 - TDEX (ตัวแทนตลาด) (Yahoo Finance)
2016-09-30,9.470000267028809,TDEX.BK ETF อ้างอิง SET50 - TDEX (ตัวแทนตลาด) (Yahoo Finance)
2016-10-03,9.460000038146973,TDEX.BK ETF อ้างอิง SET50 - TDEX (ตัวแทนตลาด) (Yahoo Finance)
2016-10-04,9.59000015258789,TDEX.BK ETF อ้างอิง SET50 - TDEX (ตัวแทนตลาด) (Yahoo Finance)
2016-10-05,9.600000381469728,TDEX.BK ETF อ้างอิง SET50 - TDEX (ตัวแทนตลาด) (Yahoo Finance)
2016-10-06,9.600000381469728,TDEX.BK ETF อ้างอิง SET50 - TDEX (ตัวแทนตลาด) (Yahoo Finance)
2016-10-07,9.59000015258789,TDEX.BK ETF อ้างอิง SET50 - TDEX (ตัวแทนตลาด) (Yahoo Finance)
2016-10-10,9.25,TDEX.BK ETF อ้างอิง SET50 - TDEX (ตัวแทนตลาด) (Yahoo Finance)
2016-10-11,9.18000030517578,TDEX.BK ETF อ้างอิง SET50 - TDEX (ตัวแทนตลาด) (Yahoo Finance)
2016-10-12,9.079999923706056,TDEX.BK ETF อ้างอิง SET50 - TDEX (ตัวแทนตลาด) (Yahoo Finance)
2016-10-13,9.0,TDEX.BK ETF อ้างอิง SET50 - TDEX (ตัวแทนตลาด) (Yahoo Finance)
2016-10-14,9.420000076293944,TDEX.BK ETF อ้างอิง SET50 - TDEX (ตัวแทนตลาด) (Yahoo Finance)
2016-10-17,9.390000343322754,TDEX.BK ETF อ้างอิง SET50 - TDEX (ตัวแทนตลาด) (Yahoo Finance)
2016-10-18,9.380000114440918,TDEX.BK ETF อ้างอิง SET50 - TDEX (ตัวแทนตลาด) (Yahoo Finance)
2016-10-19,9.390000343322754,TDEX.BK ETF อ้างอิง SET50 - TDEX (ตัวแทนตลาด) (Yahoo Finance)
2016-10-20,9.40999984741211,TDEX.BK ETF อ้างอิง SET50 - TDEX (ตัวแทนตลาด) (Yahoo Finance)
2016-10-21,9.420000076293944,TDEX.BK ETF อ้างอิง SET50 - TDEX (ตัวแทนตลาด) (Yahoo Finance)
2016-10-25,9.489999771118164,TDEX.BK ETF อ้างอิง SET50 - TDEX (ตัวแทนตลาด) (Yahoo Finance)
2016-10-26,9.359999656677246,TDEX.BK ETF อ้างอิง SET50 - TDEX (ตัวแทนตลาด) (Yahoo Finance)
2016-10-27,9.369999885559082,TDEX.BK ETF อ้างอิง SET50 - TDEX (ตัวแทนตลาด) (Yahoo Finance)
2016-10-28,9.380000114440918,TDEX.BK ETF อ้างอิง SET50 - TDEX (ตัวแทนตลาด) (Yahoo Finance)
2016-10-31,9.369999885559082,TDEX.BK ETF อ้างอิง SET50 - TDEX (ตัวแทนตลาด) (Yahoo Finance)
2016-11-01,9.380000114440918,TDEX.BK ETF อ้างอิง SET50 - TDEX (ตัวแทนตลาด) (Yahoo Finance)
2016-11-02,9.350000381469728,TDEX.BK ETF อ้างอิง SET50 - TDEX (ตัวแทนตลาด) (Yahoo Finance)
2016-11-03,9.359999656677246,TDEX.BK ETF อ้างอิง SET50 - TDEX (ตัวแทนตลาด) (Yahoo Finance)
2016-11-04,9.260000228881836,TDEX.BK ETF อ้างอิง SET50 - TDEX (ตัวแทนตลาด) (Yahoo Finance)
2016-11-07,9.359999656677246,TDEX.BK ETF อ้างอิง SET50 - TDEX (ตัวแทนตลาด) (Yahoo Finance)
2016-11-08,9.420000076293944,TDEX.BK ETF อ้างอิง SET50 - TDEX (ตัวแทนตลาด) (Yahoo Finance)
2016-11-09,9.369999885559082,TDEX.BK ETF อ้างอิง SET50 - TDEX (ตัวแทนตลาด) (Yahoo Finance)
2016-11-10,9.460000038146973,TDEX.BK ETF อ้างอิง SET50 - TDEX (ตัวแทนตลาด) (Yahoo Finance)
2016-11-11,9.350000381469728,TDEX.BK ETF อ้างอิง SET50 - TDEX (ตัวแทนตลาด) (Yahoo Finance)
2016-11-14,9.100000381469728,TDEX.BK ETF อ้างอิง SET50 - TDEX (ตัวแทนตลาด) (Yahoo Finance)
2016-11-15,9.170000076293944,TDEX.BK ETF อ้างอิง SET50 - TDEX (ตัวแทนตลาด) (Yahoo Finance)
2016-11-16,9.18000030517578,TDEX.BK ETF อ้างอิง SET50 - TDEX (ตัวแทนตลาด) (Yahoo Finance)
2016-11-17,9.170000076293944,TDEX.BK ETF อ้างอิง SET50 - TDEX (ตัวแทนตลาด) (Yahoo Finance)
2016-11-18,9.18000030517578,TDEX.BK ETF อ้างอิง SET50 - TDEX (ตัวแทนตลาด) (Yahoo Finance)
2016-11-21,9.199999809265137,TDEX.BK ETF อ้างอิง SET50 - TDEX (ตัวแทนตลาด) (Yahoo Finance)
2016-11-22,9.25,TDEX.BK ETF อ้างอิง SET50 - TDEX (ตัวแทนตลาด) (Yahoo Finance)
2016-11-23,9.270000457763672,TDEX.BK ETF อ้างอิง SET50 - TDEX (ตัวแทนตลาด) (Yahoo Finance)
2016-11-24,9.25,TDEX.BK ETF อ้างอิง SET50 - TDEX (ตัวแทนตลาด) (Yahoo Finance)
2016-11-25,9.279999732971191,TDEX.BK ETF อ้างอิง SET50 - TDEX (ตัวแทนตลาด) (Yahoo Finance)
2016-11-28,9.300000190734863,TDEX.BK ETF อ้างอิง SET50 - TDEX (ตัวแทนตลาด) (Yahoo Finance)
2016-11-29,9.31999969482422,TDEX.BK ETF อ้างอิง SET50 - TDEX (ตัวแทนตลาด) (Yahoo Finance)
2016-11-30,9.40999984741211,TDEX.BK ETF อ้างอิง SET50 - TDEX (ตัวแทนตลาด) (Yahoo Finance)
2016-12-01,9.460000038146973,TDEX.BK ETF อ้างอิง SET50 - TDEX (ตัวแทนตลาด) (Yahoo Finance)
2016-12-02,9.369999885559082,TDEX.BK ETF อ้างอิง SET50 - TDEX (ตัวแทนตลาด) (Yahoo Finance)
2016-12-06,9.460000038146973,TDEX.BK ETF อ้างอิง SET50 - TDEX (ตัวแทนตลาด) (Yahoo Finance)
2016-12-07,9.479999542236328,TDEX.BK ETF อ้างอิง SET50 - TDEX (ตัวแทนตลาด) (Yahoo Finance)
2016-12-08,9.529999732971191,TDEX.BK ETF อ้างอิง SET50 - TDEX (ตัวแทนตลาด) (Yahoo Finance)
2016-12-09,9.520000457763672,TDEX.BK ETF อ้างอิง SET50 - TDEX (ตัวแทนตลาด) (Yahoo Finance)
2016-12-13,9.550000190734863,TDEX.BK ETF อ้างอิง SET50 - TDEX (ตัวแทนตลาด) (Yahoo Finance)
2016-12-14,9.5,TDEX.BK ETF อ้างอิง SET50 - TDEX (ตัวแทนตลาด) (Yahoo Finance)
2016-12-15,9.449999809265137,TDEX.BK ETF อ้างอิง SET50 - TDEX (ตัวแทนตลาด) (Yahoo Finance)
2016-12-16,9.5,TDEX.BK ETF อ้างอิง SET50 - TDEX (ตัวแทนตลาด) (Yahoo Finance)
2016-12-19,9.460000038146973,TDEX.BK ETF อ้างอิง SET50 - TDEX (ตัวแทนตลาด) (Yahoo Finance)
2016-12-20,9.43000030517578,TDEX.BK ETF อ้างอิง SET50 - TDEX (ตัวแทนตลาด) (Yahoo Finance)
2016-12-21,9.420000076293944,TDEX.BK ETF อ้างอิง SET50 - TDEX (ตัวแทนตลาด) (Yahoo Finance)
2016-12-22,9.380000114440918,TDEX.BK ETF อ้างอิง SET50 - TDEX (ตัวแทนตลาด) (Yahoo Finance)
2016-12-23,9.4399995803833,TDEX.BK ETF อ้างอิง SET50 - TDEX (ตัวแทนตลาด) (Yahoo Finance)
2016-12-26,9.449999809265137,TDEX.BK ETF อ้างอิง SET50 - TDEX (ตัวแทนตลาด) (Yahoo Finance)
2016-12-27,9.460000038146973,TDEX.BK ETF อ้างอิง SET50 - TDEX (ตัวแทนตลาด) (Yahoo Finance)
2016-12-28,9.5,TDEX.BK ETF อ้างอิง SET50 - TDEX (ตัวแทนตลาด) (Yahoo Finance)
2016-12-29,9.649999618530272,TDEX.BK ETF อ้างอิง SET50 - TDEX (ตัวแทนตลาด) (Yahoo Finance)
2016-12-30,9.75,TDEX.BK ETF อ้างอิง SET50 - TDEX (ตัวแทนตลาด) (Yahoo Finance)
2017-01-04,9.770000457763672,TDEX.BK ETF อ้างอิง SET50 - TDEX (ตัวแทนตลาด) (Yahoo Finance)
2017-01-05,9.8100004196167,TDEX.BK ETF อ้างอิง SET50 - TDEX (ตัวแทนตลาด) (Yahoo Finance)
2017-01-06,9.81999969482422,TDEX.BK ETF อ้างอิง SET50 - TDEX (ตัวแทนตลาด) (Yahoo Finance)
2017-01-09,9.75,TDEX.BK ETF อ้างอิง SET50 - TDEX (ตัวแทนตลาด) (Yahoo Finance)
2017-01-10,9.8100004196167,TDEX.BK ETF อ้างอิง SET50 - TDEX (ตัวแทนตลาด) (Yahoo Finance)
2017-01-11,9.800000190734863,TDEX.BK ETF อ้างอิง SET50 - TDEX (ตัวแทนตลาด) (Yahoo Finance)
2017-01-12,9.789999961853027,TDEX.BK ETF อ้างอิง SET50 - TDEX (ตัวแทนตลาด) (Yahoo Finance)
2017-01-16,9.789999961853027,TDEX.BK ETF อ้างอิง SET50 - TDEX (ตัวแทนตลาด) (Yahoo Finance)
2017-01-17,9.75,TDEX.BK ETF อ้างอิง SET50 - TDEX (ตัวแทนตลาด) (Yahoo Finance)
2017-01-18,9.75,TDEX.BK ETF อ้างอิง SET50 - TDEX (ตัวแทนตลาด) (Yahoo Finance)
2017-01-19,9.6899995803833,TDEX.BK ETF อ้างอิง SET50 - TDEX (ตัวแทนตลาด) (Yahoo Finance)
2017-01-20,9.75,TDEX.BK ETF อ้างอิง SET50 - TDEX (ตัวแทนตลาด) (Yahoo Finance)
2017-01-23,9.770000457763672,TDEX.BK ETF อ้างอิง SET50 - TDEX (ตัวแทนตลาด) (Yahoo Finance)
2017-01-24,9.84000015258789,TDEX.BK ETF อ้างอิง SET50 - TDEX (ตัวแทนตลาด) (Yahoo Finance)
2017-01-25,9.899999618530272,TDEX.BK ETF อ้างอิง SET50 - TDEX (ตัวแทนตลาด) (Yahoo Finance)
2017-01-26,9.68000030517578,TDEX.BK ETF อ้างอิง SET50 - TDEX (ตัวแทนตลาด) (Yahoo Finance)
2017-01-27,9.640000343322754,TDEX.BK ETF อ้างอิง SET50 - TDEX (ตัวแทนตลาด) (Yahoo Finance)
2017-01-30,9.65999984741211,TDEX.BK ETF อ้างอิง SET50 - TDEX (ตัวแทนตลาด) (Yahoo Finance)
2017-01-31,9.5600004196167,TDEX.BK ETF อ้างอิง SET50 - TDEX (ตัวแทนตลาด) (Yahoo Finance)
2017-02-01,9.539999961853027,TDEX.BK ETF อ้างอิง SET50 - TDEX (ตัวแทนตลาด) (Yahoo Finance)
2017-02-02,9.539999961853027,TDEX.BK ETF อ้างอิง SET50 - TDEX (ตัวแทนตลาด) (Yahoo Finance)
2017-02-03,9.609999656677246,TDEX.BK ETF อ้างอิง SET50 - TDEX (ตัวแทนตลาด) (Yahoo Finance)
2017-02-06,9.630000114440918,TDEX.BK ETF อ้างอิง SET50 - TDEX (ตัวแทนตลาด) (Yahoo Finance)
2017-02-07,9.609999656677246,TDEX.BK ETF อ้างอิง SET50 - TDEX (ตัวแทนตลาด) (Yahoo Finance)
2017-02-08,9.640000343322754,TDEX.BK ETF อ้างอิง SET50 - TDEX (ตัวแทนตลาด) (Yahoo Finance)
2017-02-09,9.640000343322754,TDEX.BK ETF อ้างอิง SET50 - TDEX (ตัวแทนตลาด) (Yahoo Finance)
2017-02-10,9.649999618530272,TDEX.BK ETF อ้างอิง SET50 - TDEX (ตัวแทนตลาด) (Yahoo Finance)
2017-02-14,9.5,TDEX.BK ETF อ้างอิง SET50 - TDEX (ตัวแทนตลาด) (Yahoo Finance)
2017-02-15,9.539999961853027,TDEX.BK ETF อ้างอิง SET50 - TDEX (ตัวแทนตลาด) (Yahoo Finance)
2017-02-16,9.56999969482422,TDEX.BK ETF อ้างอิง SET50 - TDEX (ตัวแทนตลาด) (Yahoo Finance)
2017-02-17,9.59000015258789,TDEX.BK ETF อ้างอิง SET50 - TDEX (ตัวแทนตลาด) (Yahoo Finance)
2017-02-20,9.59000015258789,TDEX.BK ETF อ้างอิง SET50 - TDEX (ตัวแทนตลาด) (Yahoo Finance)
2017-02-21,9.550000190734863,TDEX.BK ETF อ้างอิง SET50 - TDEX (ตัวแทนตลาด) (Yahoo Finance)
2017-02-22,9.539999961853027,TDEX.BK ETF อ้างอิง SET50 - TDEX (ตัวแทนตลาด) (Yahoo Finance)
2017-02-23,9.529999732971191,TDEX.BK ETF อ้างอิง SET50 - TDEX (ตัวแทนตลาด) (Yahoo Finance)
2017-02-24,9.539999961853027,TDEX.BK ETF อ้างอิง SET50 - TDEX (ตัวแทนตลาด) (Yahoo Finance)
2017-02-27,9.510000228881836,TDEX.BK ETF อ้างอิง SET50 - TDEX (ตัวแทนตลาด) (Yahoo Finance)
2017-02-28,9.510000228881836,TDEX.BK ETF อ้างอิง SET50 - TDEX (ตัวแทนตลาด) (Yahoo Finance)
2017-03-01,9.579999923706056,TDEX.BK ETF อ้างอิง SET50 - TDEX (ตัวแทนตลาด) (Yahoo Finance)
2017-03-02,9.600000381469728,TDEX.BK ETF อ้างอิง SET50 - TDEX (ตัวแทนตลาด) (Yahoo Finance)
2017-03-03,9.579999923706056,TDEX.BK ETF อ้างอิง SET50 - TDEX (ตัวแทนตลาด) (Yahoo Finance)
2017-03-06,9.489999771118164,TDEX.BK ETF อ้างอิง SET50 - TDEX (ตัวแทนตลาด) (Yahoo Finance)
2017-03-07,9.510000228881836,TDEX.BK ETF อ้างอิง SET50 - TDEX (ตัวแทนตลาด) (Yahoo Finance)
2017-03-08,9.5,TDEX.BK ETF อ้างอิง SET50 - TDEX (ตัวแทนตลาด) (Yahoo Finance)
2017-03-09,9.5,TDEX.BK ETF อ้างอิง SET50 - TDEX (ตัวแทนตลาด) (Yahoo Finance)
2017-03-10,9.460000038146973,TDEX.BK ETF อ้างอิง SET50 - TDEX (ตัวแทนตลาด) (Yahoo Finance)
2017-03-13,9.470000267028809,TDEX.BK ETF อ้างอิง SET50 - TDEX (ตัวแทนตลาด) (Yahoo Finance)
2017-03-14,9.510000228881836,TDEX.BK ETF อ้างอิง SET50 - TDEX (ตัวแทนตลาด) (Yahoo Finance)
2017-03-15,9.510000228881836,TDEX.BK ETF อ้างอิง SET50 - TDEX (ตัวแทนตลาด) (Yahoo Finance)
2017-03-16,9.59000015258789,TDEX.BK ETF อ้างอิง SET50 - TDEX (ตัวแทนตลาด) (Yahoo Finance)
2017-03-17,9.59000015258789,TDEX.BK ETF อ้างอิง SET50 - TDEX (ตัวแทนตลาด) (Yahoo Finance)
2017-03-20,9.619999885559082,TDEX.BK ETF อ้างอิง SET50 - TDEX (ตัวแทนตลาด) (Yahoo Finance)
2017-03-21,9.649999618530272,TDEX.BK ETF อ้างอิง SET50 - TDEX (ตัวแทนตลาด) (Yahoo Finance)
2017-03-22,9.630000114440918,TDEX.BK ETF อ้างอิง SET50 - TDEX (ตัวแทนตลาด) (Yahoo Finance)
2017-03-23,9.649999618530272,TDEX.BK ETF อ้างอิง SET50 - TDEX (ตัวแทนตลาด) (Yahoo Finance)
2017-03-24,9.699999809265137,TDEX.BK ETF อ้างอิง SET50 - TDEX (ตัวแทนตลาด) (Yahoo Finance)
2017-03-27,9.6899995803833,TDEX.BK ETF อ้างอิง SET50 - TDEX (ตัวแทนตลาด) (Yahoo Finance)
2017-03-28,9.710000038146973,TDEX.BK ETF อ้างอิง SET50 - TDEX (ตัวแทนตลาด) (Yahoo Finance)
2017-03-29,9.729999542236328,TDEX.BK ETF อ้างอิง SET50 - TDEX (ตัวแทนตลาด) (Yahoo Finance)
2017-03-30,9.75,TDEX.BK ETF อ้างอิง SET50 - TDEX (ตัวแทนตลาด) (Yahoo Finance)
2017-03-31,9.729999542236328,TDEX.BK ETF อ้างอิง SET50 - TDEX (ตัวแทนตลาด) (Yahoo Finance)
2017-04-03,9.729999542236328,TDEX.BK ETF อ้างอิง SET50 - TDEX (ตัวแทนตลาด) (Yahoo Finance)
2017-04-04,9.75,TDEX.BK ETF อ้างอิง SET50 - TDEX (ตัวแทนตลาด) (Yahoo Finance)
2017-04-05,9.75,TDEX.BK ETF อ้างอิง SET50 - TDEX (ตัวแทนตลาด) (Yahoo Finance)
2017-04-07,9.800000190734863,TDEX.BK ETF อ้างอิง SET50 - TDEX (ตัวแทนตลาด) (Yahoo Finance)
2017-04-10,9.789999961853027,TDEX.BK ETF อ้างอิง SET50 - TDEX (ตัวแทนตลาด) (Yahoo Finance)
2017-04-11,9.81999969482422,TDEX.BK ETF อ้างอิง SET50 - TDEX (ตัวแทนตลาด) (Yahoo Finance)
2017-04-12,9.84000015258789,TDEX.BK ETF อ้างอิง SET50 - TDEX (ตัวแทนตลาด) (Yahoo Finance)
2017-04-17,9.789999961853027,TDEX.BK ETF อ้างอิง SET50 - TDEX (ตัวแทนตลาด) (Yahoo Finance)
2017-04-18,9.760000228881836,TDEX.BK ETF อ้างอิง SET50 - TDEX (ตัวแทนตลาด) (Yahoo Finance)
2017-04-19,9.729999542236328,TDEX.BK ETF อ้างอิง SET50 - TDEX (ตัวแทนตลาด) (Yahoo Finance)
2017-04-20,9.729999542236328,TDEX.BK ETF อ้างอิง SET50 - TDEX (ตัวแทนตลาด) (Yahoo Finance)
2017-04-21,9.760000228881836,TDEX.BK ETF อ้างอิง SET50 - TDEX (ตัวแทนตลาด) (Yahoo Finance)
2017-04-24,9.770000457763672,TDEX.BK ETF อ้างอิง SET50 - TDEX (ตัวแทนตลาด) (Yahoo Finance)
2017-04-25,9.760000228881836,TDEX.BK ETF อ้างอิง SET50 - TDEX (ตัวแทนตลาด) (Yahoo Finance)
2017-04-26,9.800000190734863,TDEX.BK ETF อ้างอิง SET50 - TDEX (ตัวแทนตลาด) (Yahoo Finance)
2017-04-27,9.800000190734863,TDEX.BK ETF อ้างอิง SET50 - TDEX (ตัวแทนตลาด) (Yahoo Finance)
2017-04-28,9.789999961853027,TDEX.BK ETF อ้างอิง SET50 - TDEX (ตัวแทนตลาด) (Yahoo Finance)
2017-05-02,9.789999961853027,TDEX.BK ETF อ้างอิง SET50 - TDEX (ตัวแทนตลาด) (Yahoo Finance)
2017-05-03,9.800000190734863,TDEX.BK ETF อ้างอิง SET50 - TDEX (ตัวแทนตลาด) (Yahoo Finance)
2017-05-04,9.8100004196167,TDEX.BK ETF อ้างอิง SET50 - TDEX (ตัวแทนตลาด) (Yahoo Finance)
2017-05-08,9.829999923706056,TDEX.BK ETF อ้างอิง SET50 - TDEX (ตัวแทนตลาด) (Yahoo Finance)
2017-05-09,9.800000190734863,TDEX.BK ETF อ้างอิง SET50 - TDEX (ตัวแทนตลาด) (Yahoo Finance)
2017-05-11,9.770000457763672,TDEX.BK ETF อ้างอิง SET50 - TDEX (ตัวแทนตลาด) (Yahoo Finance)
2017-05-12,9.699999809265137,TDEX.BK ETF อ้างอิง SET50 - TDEX (ตัวแทนตลาด) (Yahoo Finance)
2017-05-15,9.68000030517578,TDEX.BK ETF อ้างอิง SET50 - TDEX (ตัวแทนตลาด) (Yahoo Finance)
2017-05-16,9.699999809265137,TDEX.BK ETF อ้างอิง SET50 - TDEX (ตัวแทนตลาด) (Yahoo Finance)
2017-05-17,9.729999542236328,TDEX.BK ETF อ้างอิง SET50 - TDEX (ตัวแทนตลาด) (Yahoo Finance)
2017-05-18,9.68000030517578,TDEX.BK ETF อ้างอิง SET50 - TDEX (ตัวแทนตลาด) (Yahoo Finance)
2017-05-19,9.729999542236328,TDEX.BK ETF อ้างอิง SET50 - TDEX (ตัวแทนตลาด) (Yahoo Finance)
2017-05-22,9.760000228881836,TDEX.BK ETF อ้างอิง SET50 - TDEX (ตัวแทนตลาด) (Yahoo Finance)
2017-05-23,9.75,TDEX.BK ETF อ้างอิง SET50 - TDEX (ตัวแทนตลาด) (Yahoo Finance)
2017-05-24,9.760000228881836,TDEX.BK ETF อ้างอิง SET50 - TDEX (ตัวแทนตลาด) (Yahoo Finance)
2017-05-25,9.770000457763672,TDEX.BK ETF อ้างอิง SET50 - TDEX (ตัวแทนตลาด) (Yahoo Finance)
2017-05-26,9.789999961853027,TDEX.BK ETF อ้างอิง SET50 - TDEX (ตัวแทนตลาด) (Yahoo Finance)
2017-05-29,9.779999732971191,TDEX.BK ETF อ้างอิง SET50 - TDEX (ตัวแทนตลาด) (Yahoo Finance)
2017-05-30,9.800000190734863,TDEX.BK ETF อ้างอิง SET50 - TDEX (ตัวแทนตลาด) (Yahoo Finance)
2017-05-31,9.800000190734863,TDEX.BK ETF อ้างอิง SET50 - TDEX (ตัวแทนตลาด) (Yahoo Finance)
2017-06-01,9.760000228881836,TDEX.BK ETF อ้างอิง SET50 - TDEX (ตัวแทนตลาด) (Yahoo Finance)
2017-06-02,9.760000228881836,TDEX.BK ETF อ้างอิง SET50 - TDEX (ตัวแทนตลาด) (Yahoo Finance)
2017-06-05,9.760000228881836,TDEX.BK ETF อ้างอิง SET50 - TDEX (ตัวแทนตลาด) (Yahoo Finance)
2017-06-06,9.75,TDEX.BK ETF อ้างอิง SET50 - TDEX (ตัวแทนตลาด) (Yahoo Finance)
2017-06-07,9.770000457763672,TDEX.BK ETF อ้างอิง SET50 - TDEX (ตัวแทนตลาด) (Yahoo Finance)
2017-06-08,9.75,TDEX.BK ETF อ้างอิง SET50 - TDEX (ตัวแทนตลาด) (Yahoo Finance)
2017-06-09,9.739999771118164,TDEX.BK ETF อ้างอิง SET50 - TDEX (ตัวแทนตลาด) (Yahoo Finance)
2017-06-12,9.739999771118164,TDEX.BK ETF อ้างอิง SET50 - TDEX (ตัวแทนตลาด) (Yahoo Finance)
2017-06-13,9.770000457763672,TDEX.BK ETF อ้างอิง SET50 - TDEX (ตัวแทนตลาด) (Yahoo Finance)
2017-06-14,9.800000190734863,TDEX.BK ETF อ้างอิง SET50 - TDEX (ตัวแทนตลาด) (Yahoo Finance)
2017-06-15,9.779999732971191,TDEX.BK ETF อ้างอิง SET50 - TDEX (ตัวแทนตลาด) (Yahoo Finance)
2017-06-16,9.789999961853027,TDEX.BK ETF อ้างอิง SET50 - TDEX (ตัวแทนตลาด) (Yahoo Finance)
2017-06-19,9.800000190734863,TDEX.BK ETF อ้างอิง SET50 - TDEX (ตัวแทนตลาด) (Yahoo Finance)
2017-06-20,9.8100004196167,TDEX.BK ETF อ้างอิง SET50 - TDEX (ตัวแทนตลาด) (Yahoo Finance)
2017-06-21,9.800000190734863,TDEX.BK ETF อ้างอิง SET50 - TDEX (ตัวแทนตลาด) (Yahoo Finance)
2017-06-22,9.789999961853027,TDEX.BK ETF อ้างอิง SET50 - TDEX (ตัวแทนตลาด) (Yahoo Finance)
2017-06-23,9.8100004196167,TDEX.BK ETF อ้างอิง SET50 - TDEX (ตัวแทนตลาด) (Yahoo Finance)
2017-06-26,9.829999923706056,TDEX.BK ETF อ้างอิง SET50 - TDEX (ตัวแทนตลาด) (Yahoo Finance)
2017-06-27,9.829999923706056,TDEX.BK ETF อ้างอิง SET50 - TDEX (ตัวแทนตลาด) (Yahoo Finance)
2017-06-28,9.829999923706056,TDEX.BK ETF อ้างอิง SET50 - TDEX (ตัวแทนตลาด) (Yahoo Finance)
2017-06-29,9.829999923706056,TDEX.BK ETF อ้างอิง SET50 - TDEX (ตัวแทนตลาด) (Yahoo Finance)
2017-06-30,9.789999961853027,TDEX.BK ETF อ้างอิง SET50 - TDEX (ตัวแทนตลาด) (Yahoo Finance)
2017-07-03,9.84000015258789,TDEX.BK ETF อ้างอิง SET50 - TDEX (ตัวแทนตลาด) (Yahoo Finance)
2017-07-04,9.829999923706056,TDEX.BK ETF อ้างอิง SET50 - TDEX (ตัวแทนตลาด) (Yahoo Finance)
2017-07-05,9.81999969482422,TDEX.BK ETF อ้างอิง SET50 - TDEX (ตัวแทนตลาด) (Yahoo Finance)
2017-07-06,9.770000457763672,TDEX.BK ETF อ้างอิง SET50 - TDEX (ตัวแทนตลาด) (Yahoo Finance)
2017-07-07,9.800000190734863,TDEX.BK ETF อ้างอิง SET50 - TDEX (ตัวแทนตลาด) (Yahoo Finance)
2017-07-11,9.760000228881836,TDEX.BK ETF อ้างอิง SET50 - TDEX (ตัวแทนตลาด) (Yahoo Finance)
2017-07-12,9.800000190734863,TDEX.BK ETF อ้างอิง SET50 - TDEX (ตัวแทนตลาด) (Yahoo Finance)
2017-07-13,9.81999969482422,TDEX.BK ETF อ้างอิง SET50 - TDEX (ตัวแทนตลาด) (Yahoo Finance)
2017-07-14,9.829999923706056,TDEX.BK ETF อ้างอิง SET50 - TDEX (ตัวแทนตลาด) (Yahoo Finance)
2017-07-17,9.800000190734863,TDEX.BK ETF อ้างอิง SET50 - TDEX (ตัวแทนตลาด) (Yahoo Finance)
2017-07-18,9.800000190734863,TDEX.BK ETF อ้างอิง SET50 - TDEX (ตัวแทนตลาด) (Yahoo Finance)
2017-07-19,9.84000015258789,TDEX.BK ETF อ้างอิง SET50 - TDEX (ตัวแทนตลาด) (Yahoo Finance)
2017-07-20,9.829999923706056,TDEX.BK ETF อ้างอิง SET50 - TDEX (ตัวแทนตลาด) (Yahoo Finance)
2017-07-21,9.84000015258789,TDEX.BK ETF อ้างอิง SET50 - TDEX (ตัวแทนตลาด) (Yahoo Finance)
2017-07-24,9.829999923706056,TDEX.BK ETF อ้างอิง SET50 - TDEX (ตัวแทนตลาด) (Yahoo Finance)
2017-07-25,9.869999885559082,TDEX.BK ETF อ้างอิง SET50 - TDEX (ตัวแทนตลาด) (Yahoo Finance)
2017-07-26,9.899999618530272,TDEX.BK ETF อ้างอิง SET50 - TDEX (ตัวแทนตลาด) (Yahoo Finance)
2017-07-27,9.899999618530272,TDEX.BK ETF อ้างอิง SET50 - TDEX (ตัวแทนตลาด) (Yahoo Finance)
2017-07-31,9.850000381469728,TDEX.BK ETF อ้างอิง SET50 - TDEX (ตัวแทนตลาด) (Yahoo Finance)
2017-08-01,9.869999885559082,TDEX.BK ETF อ้างอิง SET50 - TDEX (ตัวแทนตลาด) (Yahoo Finance)
2017-08-02,9.880000114440918,TDEX.BK ETF อ้างอิง SET50 - TDEX (ตัวแทนตลาด) (Yahoo Finance)
2017-08-03,9.869999885559082,TDEX.BK ETF อ้างอิง SET50 - TDEX (ตัวแทนตลาด) (Yahoo Finance)
2017-08-04,9.850000381469728,TDEX.BK ETF อ้างอิง SET50 - TDEX (ตัวแทนตลาด) (Yahoo Finance)
2017-08-07,9.859999656677246,TDEX.BK ETF อ้างอิง SET50 - TDEX (ตัวแทนตลาด) (Yahoo Finance)
2017-08-08,9.899999618530272,TDEX.BK ETF อ้างอิง SET50 - TDEX (ตัวแทนตลาด) (Yahoo Finance)
2017-08-09,9.859999656677246,TDEX.BK ETF อ้างอิง SET50 - TDEX (ตัวแทนตลาด) (Yahoo Finance)
2017-08-10,9.880000114440918,TDEX.BK ETF อ้างอิง SET50 - TDEX (ตัวแทนตลาด) (Yahoo Finance)
2017-08-11,9.850000381469728,TDEX.BK ETF อ้างอิง SET50 - TDEX (ตัวแทนตลาด) (Yahoo Finance)
2017-08-15,9.869999885559082,TDEX.BK ETF อ้างอิง SET50 - TDEX (ตัวแทนตลาด) (Yahoo Finance)
2017-08-16,9.859999656677246,TDEX.BK ETF อ้างอิง SET50 - TDEX (ตัวแทนตลาด) (Yahoo Finance)
2017-08-17,9.850000381469728,TDEX.BK ETF อ้างอิง SET50 - TDEX (ตัวแทนตลาด) (Yahoo Finance)
2017-08-18,9.850000381469728,TDEX.BK ETF อ้างอิง SET50 - TDEX (ตัวแทนตลาด) (Yahoo Finance)
2017-08-21,9.869999885559082,TDEX.BK ETF อ้างอิง SET50 - TDEX (ตัวแทนตลาด) (Yahoo Finance)
2017-08-22,9.880000114440918,TDEX.BK ETF อ้างอิง SET50 - TDEX (ตัวแทนตลาด) (Yahoo Finance)
2017-08-23,9.899999618530272,TDEX.BK ETF อ้างอิง SET50 - TDEX (ตัวแทนตลาด) (Yahoo Finance)
2017-08-24,9.899999618530272,TDEX.BK ETF อ้างอิง SET50 - TDEX (ตัวแทนตลาด) (Yahoo Finance)
2017-08-25,9.899999618530272,TDEX.BK ETF อ้างอิง SET50 - TDEX (ตัวแทนตลาด) (Yahoo Finance)
2017-08-28,9.989999771118164,TDEX.BK ETF อ้างอิง SET50 - TDEX (ตัวแทนตลาด) (Yahoo Finance)
2017-08-29,10.229999542236328,TDEX.BK ETF อ้างอิง SET50 - TDEX (ตัวแทนตลาด) (Yahoo Finance)
2017-08-30,10.210000038146973,TDEX.BK ETF อ้างอิง SET50 - TDEX (ตัวแทนตลาด) (Yahoo Finance)
2017-08-31,10.229999542236328,TDEX.BK ETF อ้างอิง SET50 - TDEX (ตัวแทนตลาด) (Yahoo Finance)
2017-09-01,10.279999732971191,TDEX.BK ETF อ้างอิง SET50 - TDEX (ตัวแทนตลาด) (Yahoo Finance)
2017-09-04,10.279999732971191,TDEX.BK ETF อ้างอิง SET50 - TDEX (ตัวแทนตลาด) (Yahoo Finance)
2017-09-05,10.289999961853027,TDEX.BK ETF อ้างอิง SET50 - TDEX (ตัวแทนตลาด) (Yahoo Finance)
2017-09-06,10.260000228881836,TDEX.BK ETF อ้างอิง SET50 - TDEX (ตัวแทนตลาด) (Yahoo Finance)
2017-09-07,10.359999656677246,TDEX.BK ETF อ้างอิง SET50 - TDEX (ตัวแทนตลาด) (Yahoo Finance)
2017-09-08,10.390000343322754,TDEX.BK ETF อ้างอิง SET50 - TDEX (ตัวแทนตลาด) (Yahoo Finance)
2017-09-11,10.399999618530272,TDEX.BK ETF อ้างอิง SET50 - TDEX (ตัวแทนตลาด) (Yahoo Finance)
2017-09-12,10.420000076293944,TDEX.BK ETF อ้างอิง SET50 - TDEX (ตัวแทนตลาด) (Yahoo Finance)
2017-09-13,10.449999809265137,TDEX.BK ETF อ้างอิง SET50 - TDEX (ตัวแทนตลาด) (Yahoo Finance)
2017-09-14,10.520000457763672,TDEX.BK ETF อ้างอิง SET50 - TDEX (ตัวแทนตลาด) (Yahoo Finance)
2017-09-15,10.529999732971191,TDEX.BK ETF อ้างอิง SET50 - TDEX (ตัวแทนตลาด) (Yahoo Finance)
2017-09-18,10.649999618530272,TDEX.BK ETF อ้างอิง SET50 - TDEX (ตัวแทนตลาด) (Yahoo Finance)
2017-09-19,10.649999618530272,TDEX.BK ETF อ้างอิง SET50 - TDEX (ตัวแทนตลาด) (Yahoo Finance)
2017-09-20,10.619999885559082,TDEX.BK ETF อ้างอิง SET50 - TDEX (ตัวแทนตลาด) (Yahoo Finance)
2017-09-21,10.649999618530272,TDEX.BK ETF อ้างอิง SET50 - TDEX (ตัวแทนตลาด) (Yahoo Finance)
2017-09-22,10.520000457763672,TDEX.BK ETF อ้างอิง SET50 - TDEX (ตัวแทนตลาด) (Yahoo Finance)
2017-09-25,10.600000381469728,TDEX.BK ETF อ้างอิง SET50 - TDEX (ตัวแทนตลาด) (Yahoo Finance)
2017-09-26,10.630000114440918,TDEX.BK ETF อ้างอิง SET50 - TDEX (ตัวแทนตลาด) (Yahoo Finance)
2017-09-27,10.619999885559082,TDEX.BK ETF อ้างอิง SET50 - TDEX (ตัวแทนตลาด) (Yahoo Finance)
2017-09-28,10.59000015258789,TDEX.BK ETF อ้างอิง SET50 - TDEX (ตัวแทนตลาด) (Yahoo Finance)
2017-09-29,10.59000015258789,TDEX.BK ETF อ้างอิง SET50 - TDEX (ตัวแทนตลาด) (Yahoo Finance)
2017-10-02,10.710000038146973,TDEX.BK ETF อ้างอิง SET50 - TDEX (ตัวแทนตลาด) (Yahoo Finance)
2017-10-03,10.75,TDEX.BK ETF อ้างอิง SET50 - TDEX (ตัวแทนตลาด) (Yahoo Finance)
2017-10-04,10.729999542236328,TDEX.BK ETF อ้างอิง SET50 - TDEX (ตัวแทนตลาด) (Yahoo Finance)
2017-10-05,10.720000267028809,TDEX.BK ETF อ้างอิง SET50 - TDEX (ตัวแทนตลาด) (Yahoo Finance)
2017-10-06,10.720000267028809,TDEX.BK ETF อ้างอิง SET50 - TDEX (ตัวแทนตลาด) (Yahoo Finance)
2017-10-09,10.720000267028809,TDEX.BK ETF อ้างอิง SET50 - TDEX (ตัวแทนตลาด) (Yahoo Finance)
2017-10-10,10.81999969482422,TDEX.BK ETF อ้างอิง SET50 - TDEX (ตัวแทนตลาด) (Yahoo Finance)
2017-10-11,10.869999885559082,TDEX.BK ETF อ้างอิง SET50 - TDEX (ตัวแทนตลาด) (Yahoo Finance)
2017-10-12,10.859999656677246,TDEX.BK ETF อ้างอิง SET50 - TDEX (ตัวแทนตลาด) (Yahoo Finance)
2017-10-16,10.9399995803833,TDEX.BK ETF อ้างอิง SET50 - TDEX (ตัวแทนตลาด) (Yahoo Finance)
2017-10-17,10.93000030517578,TDEX.BK ETF อ้างอิง SET50 - TDEX (ตัวแทนตลาด) (Yahoo Finance)
2017-10-18,10.880000114440918,TDEX.BK ETF อ้างอิง SET50 - TDEX (ตัวแทนตลาด) (Yahoo Finance)
2017-10-19,10.710000038146973,TDEX.BK ETF อ้างอิง SET50 - TDEX (ตัวแทนตลาด) (Yahoo Finance)
2017-10-20,10.75,TDEX.BK ETF อ้างอิง SET50 - TDEX (ตัวแทนตลาด) (Yahoo Finance)
2017-10-24,10.770000457763672,TDEX.BK ETF อ้างอิง SET50 - TDEX (ตัวแทนตลาด) (Yahoo Finance)
2017-10-25,10.760000228881836,TDEX.BK ETF อ้างอิง SET50 - TDEX (ตัวแทนตลาด) (Yahoo Finance)
2017-10-27,10.8100004196167,TDEX.BK ETF อ้างอิง SET50 - TDEX (ตัวแทนตลาด) (Yahoo Finance)
2017-10-30,10.84000015258789,TDEX.BK ETF อ้างอิง SET50 - TDEX (ตัวแทนตลาด) (Yahoo Finance)
2017-10-31,10.850000381469728,TDEX.BK ETF อ้างอิง SET50 - TDEX (ตัวแทนตลาด) (Yahoo Finance)
2017-11-01,10.8100004196167,TDEX.BK ETF อ้างอิง SET50 - TDEX (ตัวแทนตลาด) (Yahoo Finance)
2017-11-02,10.75,TDEX.BK ETF อ้างอิง SET50 - TDEX (ตัวแทนตลาด) (Yahoo Finance)
2017-11-03,10.729999542236328,TDEX.BK ETF อ้างอิง SET50 - TDEX (ตัวแทนตลาด) (Yahoo Finance)
2017-11-06,10.770000457763672,TDEX.BK ETF อ้างอิง SET50 - TDEX (ตัวแทนตลาด) (Yahoo Finance)
2017-11-07,10.800000190734863,TDEX.BK ETF อ้างอิง SET50 - TDEX (ตัวแทนตลาด) (Yahoo Finance)
2017-11-08,10.770000457763672,TDEX.BK ETF อ้างอิง SET50 - TDEX (ตัวแทนตลาด) (Yahoo Finance)
2017-11-09,10.770000457763672,TDEX.BK ETF อ้างอิง SET50 - TDEX (ตัวแทนตลาด) (Yahoo Finance)
2017-11-10,10.6899995803833,TDEX.BK ETF อ้างอิง SET50 - TDEX (ตัวแทนตลาด) (Yahoo Finance)
2017-11-13,10.65999984741211,TDEX.BK ETF อ้างอิง SET50 - TDEX (ตัวแทนตลาด) (Yahoo Finance)
2017-11-14,10.75,TDEX.BK ETF อ้างอิง SET50 - TDEX (ตัวแทนตลาด) (Yahoo Finance)
2017-11-15,10.710000038146973,TDEX.BK ETF อ้างอิง SET50 - TDEX (ตัวแทนตลาด) (Yahoo Finance)
2017-11-16,10.710000038146973,TDEX.BK ETF อ้างอิง SET50 - TDEX (ตัวแทนตลาด) (Yahoo Finance)
2017-11-17,10.789999961853027,TDEX.BK ETF อ้างอิง SET50 - TDEX (ตัวแทนตลาด) (Yahoo Finance)
2017-11-20,10.84000015258789,TDEX.BK ETF อ้างอิง SET50 - TDEX (ตัวแทนตลาด) (Yahoo Finance)
2017-11-21,10.84000015258789,TDEX.BK ETF อ้างอิง SET50 - TDEX (ตัวแทนตลาด) (Yahoo Finance)
2017-11-22,10.850000381469728,TDEX.BK ETF อ้างอิง SET50 - TDEX (ตัวแทนตลาด) (Yahoo Finance)
2017-11-23,10.829999923706056,TDEX.BK ETF อ้างอิง SET50 - TDEX (ตัวแทนตลาด) (Yahoo Finance)
2017-11-24,10.760000228881836,TDEX.BK ETF อ้างอิง SET50 - TDEX (ตัวแทนตลาด) (Yahoo Finance)
2017-11-27,10.779999732971191,TDEX.BK ETF อ้างอิง SET50 - TDEX (ตัวแทนตลาด) (Yahoo Finance)
2017-11-28,10.779999732971191,TDEX.BK ETF อ้างอิง SET50 - TDEX (ตัวแทนตลาด) (Yahoo Finance)
2017-11-29,10.81999969482422,TDEX.BK ETF อ้างอิง SET50 - TDEX (ตัวแทนตลาด) (Yahoo Finance)
2017-11-30,10.800000190734863,TDEX.BK ETF อ้างอิง SET50 - TDEX (ตัวแทนตลาด) (Yahoo Finance)
2017-12-01,10.8100004196167,TDEX.BK ETF อ้างอิง SET50 - TDEX (ตัวแทนตลาด) (Yahoo Finance)
2017-12-04,10.81999969482422,TDEX.BK ETF อ้างอิง SET50 - TDEX (ตัวแทนตลาด) (Yahoo Finance)
2017-12-06,10.789999961853027,TDEX.BK ETF อ้างอิง SET50 - TDEX (ตัวแทนตลาด) (Yahoo Finance)
2017-12-07,10.84000015258789,TDEX.BK ETF อ้างอิง SET50 - TDEX (ตัวแทนตลาด) (Yahoo Finance)
2017-12-08,10.890000343322754,TDEX.BK ETF อ้างอิง SET50 - TDEX (ตัวแทนตลาด) (Yahoo Finance)
2017-12-12,10.899999618530272,TDEX.BK ETF อ้างอิง SET50 - TDEX (ตัวแทนตลาด) (Yahoo Finance)
2017-12-13,10.920000076293944,TDEX.BK ETF อ้างอิง SET50 - TDEX (ตัวแทนตลาด) (Yahoo Finance)
2017-12-14,10.979999542236328,TDEX.BK ETF อ้างอิง SET50 - TDEX (ตัวแทนตลาด) (Yahoo Finance)
2017-12-15,11.029999732971191,TDEX.BK ETF อ้างอิง SET50 - TDEX (ตัวแทนตลาด) (Yahoo Finance)
2017-12-18,11.0600004196167,TDEX.BK ETF อ้างอิง SET50 - TDEX (ตัวแทนตลาด) (Yahoo Finance)
2017-12-19,11.100000381469728,TDEX.BK ETF อ้างอิง SET50 - TDEX (ตัวแทนตลาด) (Yahoo Finance)
2017-12-20,11.149999618530272,TDEX.BK ETF อ้างอิง SET50 - TDEX (ตัวแทนตลาด) (Yahoo Finance)
2017-12-21,11.15999984741211,TDEX.BK ETF อ้างอิง SET50 - TDEX (ตัวแทนตลาด) (Yahoo Finance)
2017-12-22,11.170000076293944,TDEX.BK ETF อ้างอิง SET50 - TDEX (ตัวแทนตลาด) (Yahoo Finance)
2017-12-25,11.239999771118164,TDEX.BK ETF อ้างอิง SET50 - TDEX (ตัวแทนตลาด) (Yahoo Finance)
2017-12-26,11.239999771118164,TDEX.BK ETF อ้างอิง SET50 - TDEX (ตัวแทนตลาด) (Yahoo Finance)
2017-12-27,11.3100004196167,TDEX.BK ETF อ้างอิง SET50 - TDEX (ตัวแทนตลาด) (Yahoo Finance)
2017-12-28,11.210000038146973,TDEX.BK ETF อ้างอิง SET50 - TDEX (ตัวแทนตลาด) (Yahoo Finance)
2017-12-29,11.210000038146973,TDEX.BK ETF อ้างอิง SET50 - TDEX (ตัวแทนตลาด) (Yahoo Finance)
2018-01-03,11.420000076293944,TDEX.BK ETF อ้างอิง SET50 - TDEX (ตัวแทนตลาด) (Yahoo Finance)
2018-01-04,11.539999961853027,TDEX.BK ETF อ้างอิง SET50 - TDEX (ตัวแทนตลาด) (Yahoo Finance)
2018-01-05,11.5600004196167,TDEX.BK ETF อ้างอิง SET50 - TDEX (ตัวแทนตลาด) (Yahoo Finance)
2018-01-08,11.550000190734863,TDEX.BK ETF อ้างอิง SET50 - TDEX (ตัวแทนตลาด) (Yahoo Finance)
2018-01-09,11.5600004196167,TDEX.BK ETF อ้างอิง SET50 - TDEX (ตัวแทนตลาด) (Yahoo Finance)
2018-01-10,11.550000190734863,TDEX.BK ETF อ้างอิง SET50 - TDEX (ตัวแทนตลาด) (Yahoo Finance)
2018-01-11,11.59000015258789,TDEX.BK ETF อ้างอิง SET50 - TDEX (ตัวแทนตลาด) (Yahoo Finance)
2018-01-12,11.640000343322754,TDEX.BK ETF อ้างอิง SET50 - TDEX (ตัวแทนตลาด) (Yahoo Finance)
2018-01-15,11.779999732971191,TDEX.BK ETF อ้างอิง SET50 - TDEX (ตัวแทนตลาด) (Yahoo Finance)
2018-01-16,11.789999961853027,TDEX.BK ETF อ้างอิง SET50 - TDEX (ตัวแทนตลาด) (Yahoo Finance)
2018-01-17,11.789999961853027,TDEX.BK ETF อ้างอิง SET50 - TDEX (ตัวแทนตลาด) (Yahoo Finance)
2018-01-18,11.760000228881836,TDEX.BK ETF อ้างอิง SET50 - TDEX (ตัวแทนตลาด) (Yahoo Finance)
2018-01-19,11.6899995803833,TDEX.BK ETF อ้างอิง SET50 - TDEX (ตัวแทนตลาด) (Yahoo Finance)
2018-01-22,11.729999542236328,TDEX.BK ETF อ้างอิง SET50 - TDEX (ตัวแทนตลาด) (Yahoo Finance)
2018-01-23,11.81999969482422,TDEX.BK ETF อ้างอิง SET50 - TDEX (ตัวแทนตลาด) (Yahoo Finance)
2018-01-24,11.829999923706056,TDEX.BK ETF อ้างอิง SET50 - TDEX (ตัวแทนตลาด) (Yahoo Finance)
2018-01-25,11.460000038146973,TDEX.BK ETF อ้างอิง SET50 - TDEX (ตัวแทนตลาด) (Yahoo Finance)
2018-01-26,11.489999771118164,TDEX.BK ETF อ้างอิง SET50 - TDEX (ตัวแทนตลาด) (Yahoo Finance)
2018-01-29,11.56999969482422,TDEX.BK ETF อ้างอิง SET50 - TDEX (ตัวแทนตลาด) (Yahoo Finance)
2018-01-30,11.479999542236328,TDEX.BK ETF อ้างอิง SET50 - TDEX (ตัวแทนตลาด) (Yahoo Finance)
2018-01-31,11.479999542236328,TDEX.BK ETF อ้างอิง SET50 - TDEX (ตัวแทนตลาด) (Yahoo Finance)
2018-02-01,11.5,TDEX.BK ETF อ้างอิง SET50 - TDEX (ตัวแทนตลาด) (Yahoo Finance)
2018-02-02,11.470000267028809,TDEX.BK ETF อ้างอิง SET50 - TDEX (ตัวแทนตลาด) (Yahoo Finance)
2018-02-05,11.350000381469728,TDEX.BK ETF อ้างอิง SET50 - TDEX (ตัวแทนตลาด) (Yahoo Finance)
2018-02-06,11.229999542236328,TDEX.BK ETF อ้างอิง SET50 - TDEX (ตัวแทนตลาด) (Yahoo Finance)
2018-02-07,11.210000038146973,TDEX.BK ETF อ้างอิง SET50 - TDEX (ตัวแทนตลาด) (Yahoo Finance)
2018-02-08,11.220000267028809,TDEX.BK ETF อ้างอิง SET50 - TDEX (ตัวแทนตลาด) (Yahoo Finance)
2018-02-09,11.210000038146973,TDEX.BK ETF อ้างอิง SET50 - TDEX (ตัวแทนตลาด) (Yahoo Finance)
2018-02-12,11.270000457763672,TDEX.BK ETF อ้างอิง SET50 - TDEX (ตัวแทนตลาด) (Yahoo Finance)
2018-02-13,11.260000228881836,TDEX.BK ETF อ้างอิง SET50 - TDEX (ตัวแทนตลาด) (Yahoo Finance)
2018-02-14,11.25,TDEX.BK ETF อ้างอิง SET50 - TDEX (ตัวแทนตลาด) (Yahoo Finance)
2018-02-15,11.270000457763672,TDEX.BK ETF อ้างอิง SET50 - TDEX (ตัวแทนตลาด) (Yahoo Finance)
2018-02-16,11.329999923706056,TDEX.BK ETF อ้างอิง SET50 - TDEX (ตัวแทนตลาด) (Yahoo Finance)
2018-02-19,11.359999656677246,TDEX.BK ETF อ้างอิง SET50 - TDEX (ตัวแทนตลาด) (Yahoo Finance)
2018-02-20,11.31999969482422,TDEX.BK ETF อ้างอิง SET50 - TDEX (ตัวแทนตลาด) (Yahoo Finance)
2018-02-21,11.34000015258789,TDEX.BK ETF อ้างอิง SET50 - TDEX (ตัวแทนตลาด) (Yahoo Finance)
2018-02-22,11.34000015258789,TDEX.BK ETF อ้างอิง SET50 - TDEX (ตัวแทนตลาด) (Yahoo Finance)
2018-02-23,11.4399995803833,TDEX.BK ETF อ้างอิง SET50 - TDEX (ตัวแทนตลาด) (Yahoo Finance)
2018-02-26,11.600000381469728,TDEX.BK ETF อ้างอิง SET50 - TDEX (ตัวแทนตลาด) (Yahoo Finance)
2018-02-27,11.65999984741211,TDEX.BK ETF อ้างอิง SET50 - TDEX (ตัวแทนตลาด) (Yahoo Finance)
2018-02-28,11.6899995803833,TDEX.BK ETF อ้างอิง SET50 - TDEX (ตัวแทนตลาด) (Yahoo Finance)
2018-03-02,11.510000228881836,TDEX.BK ETF อ้างอิง SET50 - TDEX (ตัวแทนตลาด) (Yahoo Finance)
2018-03-05,11.5,TDEX.BK ETF อ้างอิง SET50 - TDEX (ตัวแทนตลาด) (Yahoo Finance)
2018-03-06,11.460000038146973,TDEX.BK ETF อ้างอิง SET50 - TDEX (ตัวแทนตลาด) (Yahoo Finance)
2018-03-07,11.359999656677246,TDEX.BK ETF อ้างอิง SET50 - TDEX (ตัวแทนตลาด) (Yahoo Finance)
2018-03-08,11.350000381469728,TDEX.BK ETF อ้างอิง SET50 - TDEX (ตัวแทนตลาด) (Yahoo Finance)
2018-03-09,11.359999656677246,TDEX.BK ETF อ้างอิง SET50 - TDEX (ตัวแทนตลาด) (Yahoo Finance)
2018-03-12,11.539999961853027,TDEX.BK ETF อ้างอิง SET50 - TDEX (ตัวแทนตลาด) (Yahoo Finance)
2018-03-13,11.59000015258789,TDEX.BK ETF อ้างอิง SET50 - TDEX (ตัวแทนตลาด) (Yahoo Finance)
2018-03-14,11.630000114440918,TDEX.BK ETF อ้างอิง SET50 - TDEX (ตัวแทนตลาด) (Yahoo Finance)
2018-03-15,11.630000114440918,TDEX.BK ETF อ้างอิง SET50 - TDEX (ตัวแทนตลาด) (Yahoo Finance)
2018-03-16,11.619999885559082,TDEX.BK ETF อ้างอิง SET50 - TDEX (ตัวแทนตลาด) (Yahoo Finance)
2018-03-19,11.56999969482422,TDEX.BK ETF อ้างอิง SET50 - TDEX (ตัวแทนตลาด) (Yahoo Finance)
2018-03-20,11.550000190734863,TDEX.BK ETF อ้างอิง SET50 - TDEX (ตัวแทนตลาด) (Yahoo Finance)
2018-03-21,11.529999732971191,TDEX.BK ETF อ้างอิง SET50 - TDEX (ตัวแทนตลาด) (Yahoo Finance)
2018-03-22,11.520000457763672,TDEX.BK ETF อ้างอิง SET50 - TDEX (ตัวแทนตลาด) (Yahoo Finance)
2018-03-23,11.510000228881836,TDEX.BK ETF อ้างอิง SET50 - TDEX (ตัวแทนตลาด) (Yahoo Finance)
2018-03-26,11.529999732971191,TDEX.BK ETF อ้างอิง SET50 - TDEX (ตัวแทนตลาด) (Yahoo Finance)
2018-03-27,11.539999961853027,TDEX.BK ETF อ้างอิง SET50 - TDEX (ตัวแทนตลาด) (Yahoo Finance)
2018-03-28,11.489999771118164,TDEX.BK ETF อ้างอิง SET50 - TDEX (ตัวแทนตลาด) (Yahoo Finance)
2018-03-29,11.350000381469728,TDEX.BK ETF อ้างอิง SET50 - TDEX (ตัวแทนตลาด) (Yahoo Finance)
2018-03-30,11.399999618530272,TDEX.BK ETF อ้างอิง SET50 - TDEX (ตัวแทนตลาด) (Yahoo Finance)
2018-04-02,11.420000076293944,TDEX.BK ETF อ้างอิง SET50 - TDEX (ตัวแทนตลาด) (Yahoo Finance)
2018-04-03,11.399999618530272,TDEX.BK ETF อ้างอิง SET50 - TDEX (ตัวแทนตลาด) (Yahoo Finance)
2018-04-04,11.229999542236328,TDEX.BK ETF อ้างอิง SET50 - TDEX (ตัวแทนตลาด) (Yahoo Finance)
2018-04-05,11.199999809265137,TDEX.BK ETF อ้างอิง SET50 - TDEX (ตัวแทนตลาด) (Yahoo Finance)
2018-04-09,11.289999961853027,TDEX.BK ETF อ้างอิง SET50 - TDEX (ตัวแทนตลาด) (Yahoo Finance)
2018-04-10,11.34000015258789,TDEX.BK ETF อ้างอิง SET50 - TDEX (ตัวแทนตลาด) (Yahoo Finance)
2018-04-11,11.359999656677246,TDEX.BK ETF อ้างอิง SET50 - TDEX (ตัวแทนตลาด) (Yahoo Finance)
2018-04-12,11.390000343322754,TDEX.BK ETF อ้างอิง SET50 - TDEX (ตัวแทนตลาด) (Yahoo Finance)
2018-04-17,11.34000015258789,TDEX.BK ETF อ้างอิง SET50 - TDEX (ตัวแทนตลาด) (Yahoo Finance)
2018-04-18,11.34000015258789,TDEX.BK ETF อ้างอิง SET50 - TDEX (ตัวแทนตลาด) (Yahoo Finance)
2018-04-19,11.5600004196167,TDEX.BK ETF อ้างอิง SET50 - TDEX (ตัวแทนตลาด) (Yahoo Finance)
2018-04-20,11.630000114440918,TDEX.BK ETF อ้างอิง SET50 - TDEX (ตัวแทนตลาด) (Yahoo Finance)
2018-04-23,11.619999885559082,TDEX.BK ETF อ้างอิง SET50 - TDEX (ตัวแทนตลาด) (Yahoo Finance)
2018-04-24,11.600000381469728,TDEX.BK ETF อ้างอิง SET50 - TDEX (ตัวแทนตลาด) (Yahoo Finance)
2018-04-25,11.520000457763672,TDEX.BK ETF อ้างอิง SET50 - TDEX (ตัวแทนตลาด) (Yahoo Finance)
2018-04-26,11.460000038146973,TDEX.BK ETF อ้างอิง SET50 - TDEX (ตัวแทนตลาด) (Yahoo Finance)
2018-04-27,11.489999771118164,TDEX.BK ETF อ้างอิง SET50 - TDEX (ตัวแทนตลาด) (Yahoo Finance)
2018-04-30,11.539999961853027,TDEX.BK ETF อ้างอิง SET50 - TDEX (ตัวแทนตลาด) (Yahoo Finance)
2018-05-02,11.539999961853027,TDEX.BK ETF อ้างอิง SET50 - TDEX (ตัวแทนตลาด) (Yahoo Finance)
2018-05-03,11.600000381469728,TDEX.BK ETF อ้างอิง SET50 - TDEX (ตัวแทนตลาด) (Yahoo Finance)
2018-05-04,11.539999961853027,TDEX.BK ETF อ้างอิง SET50 - TDEX (ตัวแทนตลาด) (Yahoo Finance)
2018-05-07,11.56999969482422,TDEX.BK ETF อ้างอิง SET50 - TDEX (ตัวแทนตลาด) (Yahoo Finance)
2018-05-08,11.420000076293944,TDEX.BK ETF อ้างอิง SET50 - TDEX (ตัวแทนตลาด) (Yahoo Finance)
2018-05-09,11.390000343322754,TDEX.BK ETF อ้างอิง SET50 - TDEX (ตัวแทนตลาด) (Yahoo Finance)
2018-05-10,11.350000381469728,TDEX.BK ETF อ้างอิง SET50 - TDEX (ตัวแทนตลาด) (Yahoo Finance)
2018-05-11,11.420000076293944,TDEX.BK ETF อ้างอิง SET50 - TDEX (ตัวแทนตลาด) (Yahoo Finance)
2018-05-14,11.5,TDEX.BK ETF อ้างอิง SET50 - TDEX (ตัวแทนตลาด) (Yahoo Finance)
2018-05-15,11.470000267028809,TDEX.BK ETF อ้างอิง SET50 - TDEX (ตัวแทนตลาด) (Yahoo Finance)
2018-05-16,11.369999885559082,TDEX.BK ETF อ้างอิง SET50 - TDEX (ตัวแทนตลาด) (Yahoo Finance)
2018-05-17,11.399999618530272,TDEX.BK ETF อ้างอิง SET50 - TDEX (ตัวแทนตลาด) (Yahoo Finance)
2018-05-18,11.40999984741211,TDEX.BK ETF อ้างอิง SET50 - TDEX (ตัวแทนตลาด) (Yahoo Finance)
2018-05-21,11.470000267028809,TDEX.BK ETF อ้างอิง SET50 - TDEX (ตัวแทนตลาด) (Yahoo Finance)
2018-05-22,11.449999809265137,TDEX.BK ETF อ้างอิง SET50 - TDEX (ตัวแทนตลาด) (Yahoo Finance)
2018-05-23,11.40999984741211,TDEX.BK ETF อ้างอิง SET50 - TDEX (ตัวแทนตลาด) (Yahoo Finance)
2018-05-24,11.239999771118164,TDEX.BK ETF อ้างอิง SET50 - TDEX (ตัวแทนตลาด) (Yahoo Finance)
2018-05-25,11.270000457763672,TDEX.BK ETF อ้างอิง SET50 - TDEX (ตัวแทนตลาด) (Yahoo Finance)
2018-05-28,11.239999771118164,TDEX.BK ETF อ้างอิง SET50 - TDEX (ตัวแทนตลาด) (Yahoo Finance)
2018-05-30,11.140000343322754,TDEX.BK ETF อ้างอิง SET50 - TDEX (ตัวแทนตลาด) (Yahoo Finance)
2018-05-31,11.199999809265137,TDEX.BK ETF อ้างอิง SET50 - TDEX (ตัวแทนตลาด) (Yahoo Finance)
2018-06-01,11.149999618530272,TDEX.BK ETF อ้างอิง SET50 - TDEX (ตัวแทนตลาด) (Yahoo Finance)
2018-06-04,11.15999984741211,TDEX.BK ETF อ้างอิง SET50 - TDEX (ตัวแทนตลาด) (Yahoo Finance)
2018-06-05,11.210000038146973,TDEX.BK ETF อ้างอิง SET50 - TDEX (ตัวแทนตลาด) (Yahoo Finance)
2018-06-06,11.270000457763672,TDEX.BK ETF อ้างอิง SET50 - TDEX (ตัวแทนตลาด) (Yahoo Finance)
2018-06-07,11.25,TDEX.BK ETF อ้างอิง SET50 - TDEX (ตัวแทนตลาด) (Yahoo Finance)
2018-06-08,11.149999618530272,TDEX.BK ETF อ้างอิง SET50 - TDEX (ตัวแทนตลาด) (Yahoo Finance)
2018-06-11,11.15999984741211,TDEX.BK ETF อ้างอิง SET50 - TDEX (ตัวแทนตลาด) (Yahoo Finance)
2018-06-12,11.220000267028809,TDEX.BK ETF อ้างอิง SET50 - TDEX (ตัวแทนตลาด) (Yahoo Finance)
2018-06-13,11.130000114440918,TDEX.BK ETF อ้างอิง SET50 - TDEX (ตัวแทนตลาด) (Yahoo Finance)
2018-06-14,11.039999961853027,TDEX.BK ETF อ้างอิง SET50 - TDEX (ตัวแทนตลาด) (Yahoo Finance)
2018-06-15,11.020000457763672,TDEX.BK ETF อ้างอิง SET50 - TDEX (ตัวแทนตลาด) (Yahoo Finance)
2018-06-18,10.899999618530272,TDEX.BK ETF อ้างอิง SET50 - TDEX (ตัวแทนตลาด) (Yahoo Finance)
2018-06-19,10.729999542236328,TDEX.BK ETF อ้างอิง SET50 - TDEX (ตัวแทนตลาด) (Yahoo Finance)
2018-06-20,10.720000267028809,TDEX.BK ETF อ้างอิง SET50 - TDEX (ตัวแทนตลาด) (Yahoo Finance)
2018-06-21,10.529999732971191,TDEX.BK ETF อ้างอิง SET50 - TDEX (ตัวแทนตลาด) (Yahoo Finance)
2018-06-22,10.56999969482422,TDEX.BK ETF อ้างอิง SET50 - TDEX (ตัวแทนตลาด) (Yahoo Finance)
2018-06-25,10.510000228881836,TDEX.BK ETF อ้างอิง SET50 - TDEX (ตัวแทนตลาด) (Yahoo Finance)
2018-06-26,10.5,TDEX.BK ETF อ้างอิง SET50 - TDEX (ตัวแทนตลาด) (Yahoo Finance)
2018-06-27,10.489999771118164,TDEX.BK ETF อ้างอิง SET50 - TDEX (ตัวแทนตลาด) (Yahoo Finance)
2018-06-28,10.43000030517578,TDEX.BK ETF อ้างอิง SET50 - TDEX (ตัวแทนตลาด) (Yahoo Finance)
2018-06-29,10.380000114440918,TDEX.BK ETF อ้างอิง SET50 - TDEX (ตัวแทนตลาด) (Yahoo Finance)
2018-07-02,10.390000343322754,TDEX.BK ETF อ้างอิง SET50 - TDEX (ตัวแทนตลาด) (Yahoo Finance)
2018-07-03,10.520000457763672,TDEX.BK ETF อ้างอิง SET50 - TDEX (ตัวแทนตลาด) (Yahoo Finance)
2018-07-04,10.550000190734863,TDEX.BK ETF อ้างอิง SET50 - TDEX (ตัวแทนตลาด) (Yahoo Finance)
2018-07-05,10.420000076293944,TDEX.BK ETF อ้างอิง SET50 - TDEX (ตัวแทนตลาด) (Yahoo Finance)
2018-07-06,10.479999542236328,TDEX.BK ETF อ้างอิง SET50 - TDEX (ตัวแทนตลาด) (Yahoo Finance)
2018-07-09,10.550000190734863,TDEX.BK ETF อ้างอิง SET50 - TDEX (ตัวแทนตลาด) (Yahoo Finance)
2018-07-10,10.630000114440918,TDEX.BK ETF อ้างอิง SET50 - TDEX (ตัวแทนตลาด) (Yahoo Finance)
2018-07-11,10.630000114440918,TDEX.BK ETF อ้างอิง SET50 - TDEX (ตัวแทนตลาด) (Yahoo Finance)
2018-07-12,10.630000114440918,TDEX.BK ETF อ้างอิง SET50 - TDEX (ตัวแทนตลาด) (Yahoo Finance)
2018-07-13,10.619999885559082,TDEX.BK ETF อ้างอิง SET50 - TDEX (ตัวแทนตลาด) (Yahoo Finance)
2018-07-16,10.520000457763672,TDEX.BK ETF อ้างอิง SET50 - TDEX (ตัวแทนตลาด) (Yahoo Finance)
2018-07-17,10.520000457763672,TDEX.BK ETF อ้างอิง SET50 - TDEX (ตัวแทนตลาด) (Yahoo Finance)
2018-07-18,10.579999923706056,TDEX.BK ETF อ้างอิง SET50 - TDEX (ตัวแทนตลาด) (Yahoo Finance)
2018-07-19,10.670000076293944,TDEX.BK ETF อ้างอิง SET50 - TDEX (ตัวแทนตลาด) (Yahoo Finance)
2018-07-20,10.829999923706056,TDEX.BK ETF อ้างอิง SET50 - TDEX (ตัวแทนตลาด) (Yahoo Finance)
2018-07-23,10.859999656677246,TDEX.BK ETF อ้างอิง SET50 - TDEX (ตัวแทนตลาด) (Yahoo Finance)
2018-07-24,10.859999656677246,TDEX.BK ETF อ้างอิง SET50 - TDEX (ตัวแทนตลาด) (Yahoo Finance)
2018-07-25,10.989999771118164,TDEX.BK ETF อ้างอิง SET50 - TDEX (ตัวแทนตลาด) (Yahoo Finance)
2018-07-26,11.0,TDEX.BK ETF อ้างอิง SET50 - TDEX (ตัวแทนตลาด) (Yahoo Finance)
2018-07-31,11.020000457763672,TDEX.BK ETF อ้างอิง SET50 - TDEX (ตัวแทนตลาด) (Yahoo Finance)
2018-08-01,11.1899995803833,TDEX.BK ETF อ้างอิง SET50 - TDEX (ตัวแทนตลาด) (Yahoo Finance)
2018-08-02,11.15999984741211,TDEX.BK ETF อ้างอิง SET50 - TDEX (ตัวแทนตลาด) (Yahoo Finance)
2018-08-03,11.149999618530272,TDEX.BK ETF อ้างอิง SET50 - TDEX (ตัวแทนตลาด) (Yahoo Finance)
2018-08-06,11.09000015258789,TDEX.BK ETF อ้างอิง SET50 - TDEX (ตัวแทนตลาด) (Yahoo Finance)
2018-08-07,11.09000015258789,TDEX.BK ETF อ้างอิง SET50 - TDEX (ตัวแทนตลาด) (Yahoo Finance)
2018-08-08,11.210000038146973,TDEX.BK ETF อ้างอิง SET50 - TDEX (ตัวแทนตลาด) (Yahoo Finance)
2018-08-09,11.229999542236328,TDEX.BK ETF อ้างอิง SET50 - TDEX (ตัวแทนตลาด) (Yahoo Finance)
2018-08-10,11.170000076293944,TDEX.BK ETF อ้างอิง SET50 - TDEX (ตัวแทนตลาด) (Yahoo Finance)
2018-08-14,11.050000190734863,TDEX.BK ETF อ้างอิง SET50 - TDEX (ตัวแทนตลาด) (Yahoo Finance)
2018-08-15,10.979999542236328,TDEX.BK ETF อ้างอิง SET50 - TDEX (ตัวแทนตลาด) (Yahoo Finance)
2018-08-16,10.960000038146973,TDEX.BK ETF อ้างอิง SET50 - TDEX (ตัวแทนตลาด) (Yahoo Finance)
2018-08-17,10.970000267028809,TDEX.BK ETF อ้างอิง SET50 - TDEX (ตัวแทนตลาด) (Yahoo Finance)
2018-08-20,11.100000381469728,TDEX.BK ETF อ้างอิง SET50 - TDEX (ตัวแทนตลาด) (Yahoo Finance)
2018-08-21,11.079999923706056,TDEX.BK ETF อ้างอิง SET50 - TDEX (ตัวแทนตลาด) (Yahoo Finance)
2018-08-22,11.079999923706056,TDEX.BK ETF อ้างอิง SET50 - TDEX (ตัวแทนตลาด) (Yahoo Finance)
2018-08-23,11.109999656677246,TDEX.BK ETF อ้างอิง SET50 - TDEX (ตัวแทนตลาด) (Yahoo Finance)
2018-08-24,11.100000381469728,TDEX.BK ETF อ้างอิง SET50 - TDEX (ตัวแทนตลาด) (Yahoo Finance)
2018-08-27,11.170000076293944,TDEX.BK ETF อ้างอิง SET50 - TDEX (ตัวแทนตลาด) (Yahoo Finance)
2018-08-28,11.220000267028809,TDEX.BK ETF อ้างอิง SET50 - TDEX (ตัวแทนตลาด) (Yahoo Finance)
2018-08-29,11.229999542236328,TDEX.BK ETF อ้างอิง SET50 - TDEX (ตัวแทนตลาด) (Yahoo Finance)
2018-08-30,11.239999771118164,TDEX.BK ETF อ้างอิง SET50 - TDEX (ตัวแทนตลาด) (Yahoo Finance)
2018-08-31,11.229999542236328,TDEX.BK ETF อ้างอิง SET50 - TDEX (ตัวแทนตลาด) (Yahoo Finance)
2018-09-03,11.229999542236328,TDEX.BK ETF อ้างอิง SET50 - TDEX (ตัวแทนตลาด) (Yahoo Finance)
2018-09-04,11.199999809265137,TDEX.BK ETF อ้างอิง SET50 - TDEX (ตัวแทนตลาด) (Yahoo Finance)
2018-09-05,11.0600004196167,TDEX.BK ETF อ้างอิง SET50 - TDEX (ตัวแทนตลาด) (Yahoo Finance)
2018-09-06,11.079999923706056,TDEX.BK ETF อ้างอิง SET50 - TDEX (ตัวแทนตลาด) (Yahoo Finance)
2018-09-07,11.0,TDEX.BK ETF อ้างอิง SET50 - TDEX (ตัวแทนตลาด) (Yahoo Finance)
2018-09-10,10.970000267028809,TDEX.BK ETF อ้างอิง SET50 - TDEX (ตัวแทนตลาด) (Yahoo Finance)
2018-09-11,10.920000076293944,TDEX.BK ETF อ้างอิง SET50 - TDEX (ตัวแทนตลาด) (Yahoo Finance)
2018-09-12,10.899999618530272,TDEX.BK ETF อ้างอิง SET50 - TDEX (ตัวแทนตลาด) (Yahoo Finance)
2018-09-13,11.100000381469728,TDEX.BK ETF อ้างอิง SET50 - TDEX (ตัวแทนตลาด) (Yahoo Finance)
2018-09-14,11.239999771118164,TDEX.BK ETF อ้างอิง SET50 - TDEX (ตัวแทนตลาด) (Yahoo Finance)
2018-09-17,11.239999771118164,TDEX.BK ETF อ้างอิง SET50 - TDEX (ตัวแทนตลาด) (Yahoo Finance)
2018-09-18,11.369999885559082,TDEX.BK ETF อ้างอิง SET50 - TDEX (ตัวแทนตลาด) (Yahoo Finance)
2018-09-19,11.4399995803833,TDEX.BK ETF อ้างอิง SET50 - TDEX (ตัวแทนตลาด) (Yahoo Finance)
2018-09-20,11.4399995803833,TDEX.BK ETF อ้างอิง SET50 - TDEX (ตัวแทนตลาด) (Yahoo Finance)
2018-09-21,11.460000038146973,TDEX.BK ETF อ้างอิง SET50 - TDEX (ตัวแทนตลาด) (Yahoo Finance)
2018-09-24,11.4399995803833,TDEX.BK ETF อ้างอิง SET50 - TDEX (ตัวแทนตลาด) (Yahoo Finance)
2018-09-25,11.4399995803833,TDEX.BK ETF อ้างอิง SET50 - TDEX (ตัวแทนตลาด) (Yahoo Finance)
2018-09-26,11.4399995803833,TDEX.BK ETF อ้างอิง SET50 - TDEX (ตัวแทนตลาด) (Yahoo Finance)
2018-09-27,11.43000030517578,TDEX.BK ETF อ้างอิง SET50 - TDEX (ตัวแทนตลาด) (Yahoo Finance)
2018-09-28,11.43000030517578,TDEX.BK ETF อ้างอิง SET50 - TDEX (ตัวแทนตลาด) (Yahoo Finance)
2018-10-01,11.479999542236328,TDEX.BK ETF อ้างอิง SET50 - TDEX (ตัวแทนตลาด) (Yahoo Finance)
2018-10-02,11.420000076293944,TDEX.BK ETF อ้างอิง SET50 - TDEX (ตัวแทนตลาด) (Yahoo Finance)
2018-10-03,11.399999618530272,TDEX.BK ETF อ้างอิง SET50 - TDEX (ตัวแทนตลาด) (Yahoo Finance)
2018-10-04,11.270000457763672,TDEX.BK ETF อ้างอิง SET50 - TDEX (ตัวแทนตลาด) (Yahoo Finance)
2018-10-05,11.1899995803833,TDEX.BK ETF อ้างอิง SET50 - TDEX (ตัวแทนตลาด) (Yahoo Finance)
2018-10-08,11.079999923706056,TDEX.BK ETF อ้างอิง SET50 - TDEX (ตัวแทนตลาด) (Yahoo Finance)
2018-10-09,11.050000190734863,TDEX.BK ETF อ้างอิง SET50 - TDEX (ตัวแทนตลาด) (Yahoo Finance)
2018-10-10,11.170000076293944,TDEX.BK ETF อ้างอิง SET50 - TDEX (ตัวแทนตลาด) (Yahoo Finance)
2018-10-11,10.960000038146973,TDEX.BK ETF อ้างอิง SET50 - TDEX (ตัวแทนตลาด) (Yahoo Finance)
2018-10-12,11.029999732971191,TDEX.BK ETF อ้างอิง SET50 - TDEX (ตัวแทนตลาด) (Yahoo Finance)
2018-10-16,11.050000190734863,TDEX.BK ETF อ้างอิง SET50 - TDEX (ตัวแทนตลาด) (Yahoo Finance)
2018-10-17,11.079999923706056,TDEX.BK ETF อ้างอิง SET50 - TDEX (ตัวแทนตลาด) (Yahoo Finance)
2018-10-18,10.970000267028809,TDEX.BK ETF อ้างอิง SET50 - TDEX (ตัวแทนตลาด) (Yahoo Finance)
2018-10-19,10.90999984741211,TDEX.BK ETF อ้างอิง SET50 - TDEX (ตัวแทนตลาด) (Yahoo Finance)
2018-10-22,10.880000114440918,TDEX.BK ETF อ้างอิง SET50 - TDEX (ตัวแทนตลาด) (Yahoo Finance)
2018-10-24,10.609999656677246,TDEX.BK ETF อ้างอิง SET50 - TDEX (ตัวแทนตลาด) (Yahoo Finance)
2018-10-25,10.729999542236328,TDEX.BK ETF อ้างอิง SET50 - TDEX (ตัวแทนตลาด) (Yahoo Finance)
2018-10-26,10.670000076293944,TDEX.BK ETF อ้างอิง SET50 - TDEX (ตัวแทนตลาด) (Yahoo Finance)
2018-10-29,10.649999618530272,TDEX.BK ETF อ้างอิง SET50 - TDEX (ตัวแทนตลาด) (Yahoo Finance)
2018-10-30,10.710000038146973,TDEX.BK ETF อ้างอิง SET50 - TDEX (ตัวแทนตลาด) (Yahoo Finance)
2018-10-31,10.869999885559082,TDEX.BK ETF อ้างอิง SET50 - TDEX (ตัวแทนตลาด) (Yahoo Finance)
2018-11-01,10.890000343322754,TDEX.BK ETF อ้างอิง SET50 - TDEX (ตัวแทนตลาด) (Yahoo Finance)
2018-11-02,10.979999542236328,TDEX.BK ETF อ้างอิง SET50 - TDEX (ตัวแทนตลาด) (Yahoo Finance)
2018-11-05,10.9399995803833,TDEX.BK ETF อ้างอิง SET50 - TDEX (ตัวแทนตลาด) (Yahoo Finance)
2018-11-06,10.9399995803833,TDEX.BK ETF อ้างอิง SET50 - TDEX (ตัวแทนตลาด) (Yahoo Finance)
2018-11-07,10.949999809265137,TDEX.BK ETF อ้างอิง SET50 - TDEX (ตัวแทนตลาด) (Yahoo Finance)
2018-11-08,11.039999961853027,TDEX.BK ETF อ้างอิง SET50 - TDEX (ตัวแทนตลาด) (Yahoo Finance)
2018-11-09,10.9399995803833,TDEX.BK ETF อ้างอิง SET50 - TDEX (ตัวแทนตลาด) (Yahoo Finance)
2018-11-12,10.869999885559082,TDEX.BK ETF อ้างอิง SET50 - TDEX (ตัวแทนตลาด) (Yahoo Finance)
2018-11-13,10.920000076293944,TDEX.BK ETF อ้างอิง SET50 - TDEX (ตัวแทนตลาด) (Yahoo Finance)
2018-11-14,10.84000015258789,TDEX.BK ETF อ้างอิง SET50 - TDEX (ตัวแทนตลาด) (Yahoo Finance)
2018-11-15,10.81999969482422,TDEX.BK ETF อ้างอิง SET50 - TDEX (ตัวแทนตลาด) (Yahoo Finance)
2018-11-16,10.789999961853027,TDEX.BK ETF อ้างอิง SET50 - TDEX (ตัวแทนตลาด) (Yahoo Finance)
2018-11-19,10.760000228881836,TDEX.BK ETF อ้างอิง SET50 - TDEX (ตัวแทนตลาด) (Yahoo Finance)
2018-11-20,10.65999984741211,TDEX.BK ETF อ้างอิง SET50 - TDEX (ตัวแทนตลาด) (Yahoo Finance)
2018-11-21,10.6899995803833,TDEX.BK ETF อ้างอิง SET50 - TDEX (ตัวแทนตลาด) (Yahoo Finance)
2018-11-22,10.600000381469728,TDEX.BK ETF อ้างอิง SET50 - TDEX (ตัวแทนตลาด) (Yahoo Finance)
2018-11-23,10.710000038146973,TDEX.BK ETF อ้างอิง SET50 - TDEX (ตัวแทนตลาด) (Yahoo Finance)
2018-11-26,10.760000228881836,TDEX.BK ETF อ้างอิง SET50 - TDEX (ตัวแทนตลาด) (Yahoo Finance)
2018-11-27,10.75,TDEX.BK ETF อ้างอิง SET50 - TDEX (ตัวแทนตลาด) (Yahoo Finance)
2018-11-28,10.8100004196167,TDEX.BK ETF อ้างอิง SET50 - TDEX (ตัวแทนตลาด) (Yahoo Finance)
2018-11-29,10.800000190734863,TDEX.BK ETF อ้างอิง SET50 - TDEX (ตัวแทนตลาด) (Yahoo Finance)
2018-11-30,10.850000381469728,TDEX.BK ETF อ้างอิง SET50 - TDEX (ตัวแทนตลาด) (Yahoo Finance)
2018-12-03,11.050000190734863,TDEX.BK ETF อ้างอิง SET50 - TDEX (ตัวแทนตลาด) (Yahoo Finance)
2018-12-04,11.079999923706056,TDEX.BK ETF อ้างอิง SET50 - TDEX (ตัวแทนตลาด) (Yahoo Finance)
2018-12-06,10.93000030517578,TDEX.BK ETF อ้างอิง SET50 - TDEX (ตัวแทนตลาด) (Yahoo Finance)
2018-12-07,10.899999618530272,TDEX.BK ETF อ้างอิง SET50 - TDEX (ตัวแทนตลาด) (Yahoo Finance)
2018-12-11,10.800000190734863,TDEX.BK ETF อ้างอิง SET50 - TDEX (ตัวแทนตลาด) (Yahoo Finance)
2018-12-12,10.8100004196167,TDEX.BK ETF อ้างอิง SET50 - TDEX (ตัวแทนตลาด) (Yahoo Finance)
2018-12-13,10.68000030517578,TDEX.BK ETF อ้างอิง SET50 - TDEX (ตัวแทนตลาด) (Yahoo Finance)
2018-12-14,10.640000343322754,TDEX.BK ETF อ้างอิง SET50 - TDEX (ตัวแทนตลาด) (Yahoo Finance)
2018-12-17,10.640000343322754,TDEX.BK ETF อ้างอิง SET50 - TDEX (ตัวแทนตลาด) (Yahoo Finance)
2018-12-18,10.539999961853027,TDEX.BK ETF อ้างอิง SET50 - TDEX (ตัวแทนตลาด) (Yahoo Finance)
2018-12-19,10.630000114440918,TDEX.BK ETF อ้างอิง SET50 - TDEX (ตัวแทนตลาด) (Yahoo Finance)
2018-12-20,10.59000015258789,TDEX.BK ETF อ้างอิง SET50 - TDEX (ตัวแทนตลาด) (Yahoo Finance)
2018-12-21,10.609999656677246,TDEX.BK ETF อ้างอิง SET50 - TDEX (ตัวแทนตลาด) (Yahoo Finance)
2018-12-24,10.600000381469728,TDEX.BK ETF อ้างอิง SET50 - TDEX (ตัวแทนตลาด) (Yahoo Finance)
2018-12-25,10.359999656677246,TDEX.BK ETF อ้างอิง SET50 - TDEX (ตัวแทนตลาด) (Yahoo Finance)
2018-12-26,10.380000114440918,TDEX.BK ETF อ้างอิง SET50 - TDEX (ตัวแทนตลาด) (Yahoo Finance)
2018-12-27,10.380000114440918,TDEX.BK ETF อ้างอิง SET50 - TDEX (ตัวแทนตลาด) (Yahoo Finance)
2018-12-28,10.43000030517578,TDEX.BK ETF อ้างอิง SET50 - TDEX (ตัวแทนตลาด) (Yahoo Finance)
2019-01-02,10.460000038146973,TDEX.BK ETF อ้างอิง SET50 - TDEX (ตัวแทนตลาด) (Yahoo Finance)
2019-01-03,10.359999656677246,TDEX.BK ETF อ้างอิง SET50 - TDEX (ตัวแทนตลาด) (Yahoo Finance)
2019-01-04,10.449999809265137,TDEX.BK ETF อ้างอิง SET50 - TDEX (ตัวแทนตลาด) (Yahoo Finance)
2019-01-07,10.609999656677246,TDEX.BK ETF อ้างอิง SET50 - TDEX (ตัวแทนตลาด) (Yahoo Finance)
2019-01-08,10.59000015258789,TDEX.BK ETF อ้างอิง SET50 - TDEX (ตัวแทนตลาด) (Yahoo Finance)
2019-01-09,10.59000015258789,TDEX.BK ETF อ้างอิง SET50 - TDEX (ตัวแทนตลาด) (Yahoo Finance)
2019-01-10,10.520000457763672,TDEX.BK ETF อ้างอิง SET50 - TDEX (ตัวแทนตลาด) (Yahoo Finance)
2019-01-11,10.619999885559082,TDEX.BK ETF อ้างอิง SET50 - TDEX (ตัวแทนตลาด) (Yahoo Finance)
2019-01-14,10.510000228881836,TDEX.BK ETF อ้างอิง SET50 - TDEX (ตัวแทนตลาด) (Yahoo Finance)
2019-01-15,10.489999771118164,TDEX.BK ETF อ้างอิง SET50 - TDEX (ตัวแทนตลาด) (Yahoo Finance)
2019-01-16,10.5,TDEX.BK ETF อ้างอิง SET50 - TDEX (ตัวแทนตลาด) (Yahoo Finance)
2019-01-17,10.520000457763672,TDEX.BK ETF อ้างอิง SET50 - TDEX (ตัวแทนตลาด) (Yahoo Finance)
2019-01-18,10.550000190734863,TDEX.BK ETF อ้างอิง SET50 - TDEX (ตัวแทนตลาด) (Yahoo Finance)
2019-01-21,10.600000381469728,TDEX.BK ETF อ้างอิง SET50 - TDEX (ตัวแทนตลาด) (Yahoo Finance)
2019-01-22,10.619999885559082,TDEX.BK ETF อ้างอิง SET50 - TDEX (ตัวแทนตลาด) (Yahoo Finance)
2019-01-23,10.760000228881836,TDEX.BK ETF อ้างอิง SET50 - TDEX (ตัวแทนตลาด) (Yahoo Finance)
2019-01-24,10.75,TDEX.BK ETF อ้างอิง SET50 - TDEX (ตัวแทนตลาด) (Yahoo Finance)
2019-01-25,10.779999732971191,TDEX.BK ETF อ้างอิง SET50 - TDEX (ตัวแทนตลาด) (Yahoo Finance)
2019-01-28,10.739999771118164,TDEX.BK ETF อ้างอิง SET50 - TDEX (ตัวแทนตลาด) (Yahoo Finance)
2019-01-29,10.770000457763672,TDEX.BK ETF อ้างอิง SET50 - TDEX (ตัวแทนตลาด) (Yahoo Finance)
2019-01-30,10.789999961853027,TDEX.BK ETF อ้างอิง SET50 - TDEX (ตัวแทนตลาด) (Yahoo Finance)
2019-01-31,10.859999656677246,TDEX.BK ETF อ้างอิง SET50 - TDEX (ตัวแทนตลาด) (Yahoo Finance)
2019-02-01,10.920000076293944,TDEX.BK ETF อ้างอิง SET50 - TDEX (ตัวแทนตลาด) (Yahoo Finance)
2019-02-04,10.949999809265137,TDEX.BK ETF อ้างอิง SET50 - TDEX (ตัวแทนตลาด) (Yahoo Finance)
2019-02-05,10.93000030517578,TDEX.BK ETF อ้างอิง SET50 - TDEX (ตัวแทนตลาด) (Yahoo Finance)
2019-02-06,10.970000267028809,TDEX.BK ETF อ้างอิง SET50 - TDEX (ตัวแทนตลาด) (Yahoo Finance)
2019-02-07,10.970000267028809,TDEX.BK ETF อ้างอิง SET50 - TDEX (ตัวแทนตลาด) (Yahoo Finance)
2019-02-08,10.760000228881836,TDEX.BK ETF อ้างอิง SET50 - TDEX (ตัวแทนตลาด) (Yahoo Finance)
2019-02-11,10.670000076293944,TDEX.BK ETF อ้างอิง SET50 - TDEX (ตัวแทนตลาด) (Yahoo Finance)
2019-02-12,10.6899995803833,TDEX.BK ETF อ้างอิง SET50 - TDEX (ตัวแทนตลาด) (Yahoo Finance)
2019-02-13,10.739999771118164,TDEX.BK ETF อ้างอิง SET50 - TDEX (ตัวแทนตลาด) (Yahoo Finance)
2019-02-14,10.739999771118164,TDEX.BK ETF อ้างอิง SET50 - TDEX (ตัวแทนตลาด) (Yahoo Finance)
2019-02-15,10.649999618530272,TDEX.BK ETF อ้างอิง SET50 - TDEX (ตัวแทนตลาด) (Yahoo Finance)
2019-02-18,10.619999885559082,TDEX.BK ETF อ้างอิง SET50 - TDEX (ตัวแทนตลาด) (Yahoo Finance)
2019-02-20,10.710000038146973,TDEX.BK ETF อ้างอิง SET50 - TDEX (ตัวแทนตลาด) (Yahoo Finance)
2019-02-21,10.68000030517578,TDEX.BK ETF อ้างอิง SET50 - TDEX (ตัวแทนตลาด) (Yahoo Finance)
2019-02-22,10.81999969482422,TDEX.BK ETF อ้างอิง SET50 - TDEX (ตัวแทนตลาด) (Yahoo Finance)
2019-02-25,10.890000343322754,TDEX.BK ETF อ้างอิง SET50 - TDEX (ตัวแทนตลาด) (Yahoo Finance)
2019-02-26,10.8100004196167,TDEX.BK ETF อ้างอิง SET50 - TDEX (ตัวแทนตลาด) (Yahoo Finance)
2019-02-27,10.829999923706056,TDEX.BK ETF อ้างอิง SET50 - TDEX (ตัวแทนตลาด) (Yahoo Finance)
2019-02-28,10.779999732971191,TDEX.BK ETF อ้างอิง SET50 - TDEX (ตัวแทนตลาด) (Yahoo Finance)
2019-03-01,10.670000076293944,TDEX.BK ETF อ้างอิง SET50 - TDEX (ตัวแทนตลาด) (Yahoo Finance)
2019-03-04,10.649999618530272,TDEX.BK ETF อ้างอิง SET50 - TDEX (ตัวแทนตลาด) (Yahoo Finance)
2019-03-05,10.6899995803833,TDEX.BK ETF อ้างอิง SET50 - TDEX (ตัวแทนตลาด) (Yahoo Finance)
2019-03-06,10.600000381469728,TDEX.BK ETF อ้างอิง SET50 - TDEX (ตัวแทนตลาด) (Yahoo Finance)
2019-03-07,10.670000076293944,TDEX.BK ETF อ้างอิง SET50 - TDEX (ตัวแทนตลาด) (Yahoo Finance)
2019-03-08,10.670000076293944,TDEX.BK ETF อ้างอิง SET50 - TDEX (ตัวแทนตลาด) (Yahoo Finance)
2019-03-11,10.630000114440918,TDEX.BK ETF อ้างอิง SET50 - TDEX (ตัวแทนตลาด) (Yahoo Finance)
2019-03-12,10.640000343322754,TDEX.BK ETF อ้างอิง SET50 - TDEX (ตัวแทนตลาด) (Yahoo Finance)
2019-03-13,10.68000030517578,TDEX.BK ETF อ้างอิง SET50 - TDEX (ตัวแทนตลาด) (Yahoo Finance)
2019-03-14,10.68000030517578,TDEX.BK ETF อ้างอิง SET50 - TDEX (ตัวแทนตลาด) (Yahoo Finance)
2019-03-15,10.649999618530272,TDEX.BK ETF อ้างอิง SET50 - TDEX (ตัวแทนตลาด) (Yahoo Finance)
2019-03-18,10.5600004196167,TDEX.BK ETF อ้างอิง SET50 - TDEX (ตัวแทนตลาด) (Yahoo Finance)
2019-03-19,10.68000030517578,TDEX.BK ETF อ้างอิง SET50 - TDEX (ตัวแทนตลาด) (Yahoo Finance)
2019-03-20,10.649999618530272,TDEX.BK ETF อ้างอิง SET50 - TDEX (ตัวแทนตลาด) (Yahoo Finance)
2019-03-21,10.670000076293944,TDEX.BK ETF อ้างอิง SET50 - TDEX (ตัวแทนตลาด) (Yahoo Finance)
2019-03-22,10.75,TDEX.BK ETF อ้างอิง SET50 - TDEX (ตัวแทนตลาด) (Yahoo Finance)
2019-03-25,10.619999885559082,TDEX.BK ETF อ้างอิง SET50 - TDEX (ตัวแทนตลาด) (Yahoo Finance)
2019-03-26,10.6899995803833,TDEX.BK ETF อ้างอิง SET50 - TDEX (ตัวแทนตลาด) (Yahoo Finance)
2019-03-27,10.68000030517578,TDEX.BK ETF อ้างอิง SET50 - TDEX (ตัวแทนตลาด) (Yahoo Finance)
2019-03-28,10.710000038146973,TDEX.BK ETF อ้างอิง SET50 - TDEX (ตัวแทนตลาด) (Yahoo Finance)
2019-03-29,10.729999542236328,TDEX.BK ETF อ้างอิง SET50 - TDEX (ตัวแทนตลาด) (Yahoo Finance)
2019-04-01,10.770000457763672,TDEX.BK ETF อ้างอิง SET50 - TDEX (ตัวแทนตลาด) (Yahoo Finance)
2019-04-02,10.789999961853027,TDEX.BK ETF อ้างอิง SET50 - TDEX (ตัวแทนตลาด) (Yahoo Finance)
2019-04-03,10.800000190734863,TDEX.BK ETF อ้างอิง SET50 - TDEX (ตัวแทนตลาด) (Yahoo Finance)
2019-04-04,10.739999771118164,TDEX.BK ETF อ้างอิง SET50 - TDEX (ตัวแทนตลาด) (Yahoo Finance)
2019-04-05,10.779999732971191,TDEX.BK ETF อ้างอิง SET50 - TDEX (ตัวแทนตลาด) (Yahoo Finance)
2019-04-09,10.84000015258789,TDEX.BK ETF อ้างอิง SET50 - TDEX (ตัวแทนตลาด) (Yahoo Finance)
2019-04-10,10.850000381469728,TDEX.BK ETF อ้างอิง SET50 - TDEX (ตัวแทนตลาด) (Yahoo Finance)
2019-04-11,10.81999969482422,TDEX.BK ETF อ้างอิง SET50 - TDEX (ตัวแทนตลาด) (Yahoo Finance)
2019-04-12,10.84000015258789,TDEX.BK ETF อ้างอิง SET50 - TDEX (ตัวแทนตลาด) (Yahoo Finance)
2019-04-17,10.899999618530272,TDEX.BK ETF อ้างอิง SET50 - TDEX (ตัวแทนตลาด) (Yahoo Finance)
2019-04-18,10.899999618530272,TDEX.BK ETF อ้างอิง SET50 - TDEX (ตัวแทนตลาด) (Yahoo Finance)
2019-04-19,10.920000076293944,TDEX.BK ETF อ้างอิง SET50 - TDEX (ตัวแทนตลาด) (Yahoo Finance)
2019-04-22,10.9399995803833,TDEX.BK ETF อ้างอิง SET50 - TDEX (ตัวแทนตลาด) (Yahoo Finance)
2019-04-23,10.93000030517578,TDEX.BK ETF อ้างอิง SET50 - TDEX (ตัวแทนตลาด) (Yahoo Finance)
2019-04-24,10.920000076293944,TDEX.BK ETF อ้างอิง SET50 - TDEX (ตัวแทนตลาด) (Yahoo Finance)
2019-04-25,10.9399995803833,TDEX.BK ETF อ้างอิง SET50 - TDEX (ตัวแทนตลาด) (Yahoo Finance)
2019-04-26,10.890000343322754,TDEX.BK ETF อ้างอิง SET50 - TDEX (ตัวแทนตลาด) (Yahoo Finance)
2019-04-29,10.890000343322754,TDEX.BK ETF อ้างอิง SET50 - TDEX (ตัวแทนตลาด) (Yahoo Finance)
2019-04-30,10.920000076293944,TDEX.BK ETF อ้างอิง SET50 - TDEX (ตัวแทนตลาด) (Yahoo Finance)
2019-05-02,10.960000038146973,TDEX.BK ETF อ้างอิง SET50 - TDEX (ตัวแทนตลาด) (Yahoo Finance)
2019-05-03,10.979999542236328,TDEX.BK ETF อ้างอิง SET50 - TDEX (ตัวแทนตลาด) (Yahoo Finance)
2019-05-07,10.949999809265137,TDEX.BK ETF อ้างอิง SET50 - TDEX (ตัวแทนตลาด) (Yahoo Finance)
2019-05-08,10.899999618530272,TDEX.BK ETF อ้างอิง SET50 - TDEX (ตัวแทนตลาด) (Yahoo Finance)
2019-05-09,10.859999656677246,TDEX.BK ETF อ้างอิง SET50 - TDEX (ตัวแทนตลาด) (Yahoo Finance)
2019-05-10,10.850000381469728,TDEX.BK ETF อ้างอิง SET50 - TDEX (ตัวแทนตลาด) (Yahoo Finance)
2019-05-13,10.800000190734863,TDEX.BK ETF อ้างอิง SET50 - TDEX (ตัวแทนตลาด) (Yahoo Finance)
2019-05-14,10.770000457763672,TDEX.BK ETF อ้างอิง SET50 - TDEX (ตัวแทนตลาด) (Yahoo Finance)
2019-05-15,10.720000267028809,TDEX.BK ETF อ้างอิง SET50 - TDEX (ตัวแทนตลาด) (Yahoo Finance)
2019-05-16,10.65999984741211,TDEX.BK ETF อ้างอิง SET50 - TDEX (ตัวแทนตลาด) (Yahoo Finance)
2019-05-17,10.619999885559082,TDEX.BK ETF อ้างอิง SET50 - TDEX (ตัวแทนตลาด) (Yahoo Finance)
2019-05-21,10.630000114440918,TDEX.BK ETF อ้างอิง SET50 - TDEX (ตัวแทนตลาด) (Yahoo Finance)
2019-05-22,10.720000267028809,TDEX.BK ETF อ้างอิง SET50 - TDEX (ตัวแทนตลาด) (Yahoo Finance)
2019-05-23,10.630000114440918,TDEX.BK ETF อ้างอิง SET50 - TDEX (ตัวแทนตลาด) (Yahoo Finance)
2019-05-24,10.619999885559082,TDEX.BK ETF อ้างอิง SET50 - TDEX (ตัวแทนตลาด) (Yahoo Finance)
2019-05-27,10.68000030517578,TDEX.BK ETF อ้างอิง SET50 - TDEX (ตัวแทนตลาด) (Yahoo Finance)
2019-05-28,10.670000076293944,TDEX.BK ETF อ้างอิง SET50 - TDEX (ตัวแทนตลาด) (Yahoo Finance)
2019-05-29,10.68000030517578,TDEX.BK ETF อ้างอิง SET50 - TDEX (ตัวแทนตลาด) (Yahoo Finance)
2019-05-30,10.710000038146973,TDEX.BK ETF อ้างอิง SET50 - TDEX (ตัวแทนตลาด) (Yahoo Finance)
2019-05-31,10.649999618530272,TDEX.BK ETF อ้างอิง SET50 - TDEX (ตัวแทนตลาด) (Yahoo Finance)
2019-06-04,10.75,TDEX.BK ETF อ้างอิง SET50 - TDEX (ตัวแทนตลาด) (Yahoo Finance)
2019-06-05,10.81999969482422,TDEX.BK ETF อ้างอิง SET50 - TDEX (ตัวแทนตลาด) (Yahoo Finance)
2019-06-06,10.81999969482422,TDEX.BK ETF อ้างอิง SET50 - TDEX (ตัวแทนตลาด) (Yahoo Finance)
2019-06-07,10.81999969482422,TDEX.BK ETF อ้างอิง SET50 - TDEX (ตัวแทนตลาด) (Yahoo Finance)
2019-06-10,10.890000343322754,TDEX.BK ETF อ้างอิง SET50 - TDEX (ตัวแทนตลาด) (Yahoo Finance)
2019-06-11,10.949999809265137,TDEX.BK ETF อ้างอิง SET50 - TDEX (ตัวแทนตลาด) (Yahoo Finance)
2019-06-12,10.93000030517578,TDEX.BK ETF อ้างอิง SET50 - TDEX (ตัวแทนตลาด) (Yahoo Finance)
2019-06-13,10.949999809265137,TDEX.BK ETF อ้างอิง SET50 - TDEX (ตัวแทนตลาด) (Yahoo Finance)
2019-06-14,10.949999809265137,TDEX.BK ETF อ้างอิง SET50 - TDEX (ตัวแทนตลาด) (Yahoo Finance)
2019-06-17,10.949999809265137,TDEX.BK ETF อ้างอิง SET50 - TDEX (ตัวแทนตลาด) (Yahoo Finance)
2019-06-18,11.010000228881836,TDEX.BK ETF อ้างอิง SET50 - TDEX (ตัวแทนตลาด) (Yahoo Finance)
2019-06-19,11.229999542236328,TDEX.BK ETF อ้างอิง SET50 - TDEX (ตัวแทนตลาด) (Yahoo Finance)
2019-06-20,11.289999961853027,TDEX.BK ETF อ้างอิง SET50 - TDEX (ตัวแทนตลาด) (Yahoo Finance)
2019-06-21,11.289999961853027,TDEX.BK ETF อ้างอิง SET50 - TDEX (ตัวแทนตลาด) (Yahoo Finance)
2019-06-24,11.270000457763672,TDEX.BK ETF อ้างอิง SET50 - TDEX (ตัวแทนตลาด) (Yahoo Finance)
2019-06-25,11.289999961853027,TDEX.BK ETF อ้างอิง SET50 - TDEX (ตัวแทนตลาด) (Yahoo Finance)
2019-06-26,11.34000015258789,TDEX.BK ETF อ้างอิง SET50 - TDEX (ตัวแทนตลาด) (Yahoo Finance)
2019-06-27,11.359999656677246,TDEX.BK ETF อ้างอิง SET50 - TDEX (ตัวแทนตลาด) (Yahoo Finance)
2019-06-28,11.369999885559082,TDEX.BK ETF อ้างอิง SET50 - TDEX (ตัวแทนตลาด) (Yahoo Finance)
2019-07-01,11.4399995803833,TDEX.BK ETF อ้างอิง SET50 - TDEX (ตัวแทนตลาด) (Yahoo Finance)
2019-07-02,11.40999984741211,TDEX.BK ETF อ้างอิง SET50 - TDEX (ตัวแทนตลาด) (Yahoo Finance)
2019-07-03,11.390000343322754,TDEX.BK ETF อ้างอิง SET50 - TDEX (ตัวแทนตลาด) (Yahoo Finance)
2019-07-04,11.3100004196167,TDEX.BK ETF อ้างอิง SET50 - TDEX (ตัวแทนตลาด) (Yahoo Finance)
2019-07-05,11.31999969482422,TDEX.BK ETF อ้างอิง SET50 - TDEX (ตัวแทนตลาด) (Yahoo Finance)
2019-07-08,11.3100004196167,TDEX.BK ETF อ้างอิง SET50 - TDEX (ตัวแทนตลาด) (Yahoo Finance)
2019-07-09,11.260000228881836,TDEX.BK ETF อ้างอิง SET50 - TDEX (ตัวแทนตลาด) (Yahoo Finance)
2019-07-10,11.34000015258789,TDEX.BK ETF อ้างอิง SET50 - TDEX (ตัวแทนตลาด) (Yahoo Finance)
2019-07-11,11.369999885559082,TDEX.BK ETF อ้างอิง SET50 - TDEX (ตัวแทนตลาด) (Yahoo Finance)
2019-07-12,11.3100004196167,TDEX.BK ETF อ้างอิง SET50 - TDEX (ตัวแทนตลาด) (Yahoo Finance)
2019-07-15,11.34000015258789,TDEX.BK ETF อ้างอิง SET50 - TDEX (ตัวแทนตลาด) (Yahoo Finance)
2019-07-17,11.279999732971191,TDEX.BK ETF อ้างอิง SET50 - TDEX (ตัวแทนตลาด) (Yahoo Finance)
2019-07-18,11.270000457763672,TDEX.BK ETF อ้างอิง SET50 - TDEX (ตัวแทนตลาด) (Yahoo Finance)
2019-07-19,11.34000015258789,TDEX.BK ETF อ้างอิง SET50 - TDEX (ตัวแทนตลาด) (Yahoo Finance)
2019-07-22,11.25,TDEX.BK ETF อ้างอิง SET50 - TDEX (ตัวแทนตลาด) (Yahoo Finance)
2019-07-23,11.25,TDEX.BK ETF อ้างอิง SET50 - TDEX (ตัวแทนตลาด) (Yahoo Finance)
2019-07-24,11.260000228881836,TDEX.BK ETF อ้างอิง SET50 - TDEX (ตัวแทนตลาด) (Yahoo Finance)
2019-07-25,11.270000457763672,TDEX.BK ETF อ้างอิง SET50 - TDEX (ตัวแทนตลาด) (Yahoo Finance)
2019-07-26,11.199999809265137,TDEX.BK ETF อ้างอิง SET50 - TDEX (ตัวแทนตลาด) (Yahoo Finance)
2019-07-30,11.15999984741211,TDEX.BK ETF อ้างอิง SET50 - TDEX (ตัวแทนตลาด) (Yahoo Finance)
2019-07-31,11.170000076293944,TDEX.BK ETF อ้างอิง SET50 - TDEX (ตัวแทนตลาด) (Yahoo Finance)
2019-08-01,11.119999885559082,TDEX.BK ETF อ้างอิง SET50 - TDEX (ตัวแทนตลาด) (Yahoo Finance)
2019-08-02,11.010000228881836,TDEX.BK ETF อ้างอิง SET50 - TDEX (ตัวแทนตลาด) (Yahoo Finance)
2019-08-05,10.899999618530272,TDEX.BK ETF อ้างอิง SET50 - TDEX (ตัวแทนตลาด) (Yahoo Finance)
2019-08-06,10.920000076293944,TDEX.BK ETF อ้างอิง SET50 - TDEX (ตัวแทนตลาด) (Yahoo Finance)
2019-08-07,10.920000076293944,TDEX.BK ETF อ้างอิง SET50 - TDEX (ตัวแทนตลาด) (Yahoo Finance)
2019-08-08,10.869999885559082,TDEX.BK ETF อ้างอิง SET50 - TDEX (ตัวแทนตลาด) (Yahoo Finance)
2019-08-09,10.800000190734863,TDEX.BK ETF อ้างอิง SET50 - TDEX (ตัวแทนตลาด) (Yahoo Finance)
2019-08-13,10.56999969482422,TDEX.BK ETF อ้างอิง SET50 - TDEX (ตัวแทนตลาด) (Yahoo Finance)
2019-08-14,10.5600004196167,TDEX.BK ETF อ้างอิง SET50 - TDEX (ตัวแทนตลาด) (Yahoo Finance)
2019-08-15,10.479999542236328,TDEX.BK ETF อ้างอิง SET50 - TDEX (ตัวแทนตลาด) (Yahoo Finance)
2019-08-16,10.630000114440918,TDEX.BK ETF อ้างอิง SET50 - TDEX (ตัวแทนตลาด) (Yahoo Finance)
2019-08-19,10.6899995803833,TDEX.BK ETF อ้างอิง SET50 - TDEX (ตัวแทนตลาด) (Yahoo Finance)
2019-08-20,10.640000343322754,TDEX.BK ETF อ้างอิง SET50 - TDEX (ตัวแทนตลาด) (Yahoo Finance)
2019-08-21,10.720000267028809,TDEX.BK ETF อ้างอิง SET50 - TDEX (ตัวแทนตลาด) (Yahoo Finance)
2019-08-22,10.710000038146973,TDEX.BK ETF อ้างอิง SET50 - TDEX (ตัวแทนตลาด) (Yahoo Finance)
2019-08-23,10.760000228881836,TDEX.BK ETF อ้างอิง SET50 - TDEX (ตัวแทนตลาด) (Yahoo Finance)
2019-08-26,10.619999885559082,TDEX.BK ETF อ้างอิง SET50 - TDEX (ตัวแทนตลาด) (Yahoo Finance)
2019-08-27,10.59000015258789,TDEX.BK ETF อ้างอิง SET50 - TDEX (ตัวแทนตลาด) (Yahoo Finance)
2019-08-28,10.59000015258789,TDEX.BK ETF อ้างอิง SET50 - TDEX (ตัวแทนตลาด) (Yahoo Finance)
2019-08-29,10.75,TDEX.BK ETF อ้างอิง SET50 - TDEX (ตัวแทนตลาด) (Yahoo Finance)
2019-08-30,10.850000381469728,TDEX.BK ETF อ้างอิง SET50 - TDEX (ตัวแทนตลาด) (Yahoo Finance)
2019-09-02,10.869999885559082,TDEX.BK ETF อ้างอิง SET50 - TDEX (ตัวแทนตลาด) (Yahoo Finance)
2019-09-03,10.779999732971191,TDEX.BK ETF อ้างอิง SET50 - TDEX (ตัวแทนตลาด) (Yahoo Finance)
2019-09-04,10.920000076293944,TDEX.BK ETF อ้างอิง SET50 - TDEX (ตัวแทนตลาด) (Yahoo Finance)
2019-09-05,10.979999542236328,TDEX.BK ETF อ้างอิง SET50 - TDEX (ตัวแทนตลาด) (Yahoo Finance)
2019-09-06,11.0,TDEX.BK ETF อ้างอิง SET50 - TDEX (ตัวแทนตลาด) (Yahoo Finance)
2019-09-09,11.020000457763672,TDEX.BK ETF อ้างอิง SET50 - TDEX (ตัวแทนตลาด) (Yahoo Finance)
2019-09-10,10.970000267028809,TDEX.BK ETF อ้างอิง SET50 - TDEX (ตัวแทนตลาด) (Yahoo Finance)
2019-09-11,11.039999961853027,TDEX.BK ETF อ้างอิง SET50 - TDEX (ตัวแทนตลาด) (Yahoo Finance)
2019-09-12,10.979999542236328,TDEX.BK ETF อ้างอิง SET50 - TDEX (ตัวแทนตลาด) (Yahoo Finance)
2019-09-13,10.93000030517578,TDEX.BK ETF อ้างอิง SET50 - TDEX (ตัวแทนตลาด) (Yahoo Finance)
2019-09-16,10.970000267028809,TDEX.BK ETF อ้างอิง SET50 - TDEX (ตัวแทนตลาด) (Yahoo Finance)
2019-09-17,11.0,TDEX.BK ETF อ้างอิง SET50 - TDEX (ตัวแทนตลาด) (Yahoo Finance)
2019-09-18,10.90999984741211,TDEX.BK ETF อ้างอิง SET50 - TDEX (ตัวแทนตลาด) (Yahoo Finance)
2019-09-19,10.850000381469728,TDEX.BK ETF อ้างอิง SET50 - TDEX (ตัวแทนตลาด) (Yahoo Finance)
2019-09-20,10.789999961853027,TDEX.BK ETF อ้างอิง SET50 - TDEX (ตัวแทนตลาด) (Yahoo Finance)
2019-09-23,10.760000228881836,TDEX.BK ETF อ้างอิง SET50 - TDEX (ตัวแทนตลาด) (Yahoo Finance)
2019-09-24,10.779999732971191,TDEX.BK ETF อ้างอิง SET50 - TDEX (ตัวแทนตลาด) (Yahoo Finance)
2019-09-25,10.729999542236328,TDEX.BK ETF อ้างอิง SET50 - TDEX (ตัวแทนตลาด) (Yahoo Finance)
2019-09-26,10.8100004196167,TDEX.BK ETF อ้างอิง SET50 - TDEX (ตัวแทนตลาด) (Yahoo Finance)
2019-09-27,10.880000114440918,TDEX.BK ETF อ้างอิง SET50 - TDEX (ตัวแทนตลาด) (Yahoo Finance)
2019-09-30,10.84000015258789,TDEX.BK ETF อ้างอิง SET50 - TDEX (ตัวแทนตลาด) (Yahoo Finance)
2019-10-01,10.760000228881836,TDEX.BK ETF อ้างอิง SET50 - TDEX (ตัวแทนตลาด) (Yahoo Finance)
2019-10-02,10.670000076293944,TDEX.BK ETF อ้างอิง SET50 - TDEX (ตัวแทนตลาด) (Yahoo Finance)
2019-10-03,10.670000076293944,TDEX.BK ETF อ้างอิง SET50 - TDEX (ตัวแทนตลาด) (Yahoo Finance)
2019-10-04,10.640000343322754,TDEX.BK ETF อ้างอิง SET50 - TDEX (ตัวแทนตลาด) (Yahoo Finance)
2019-10-07,10.699999809265137,TDEX.BK ETF อ้างอิง SET50 - TDEX (ตัวแทนตลาด) (Yahoo Finance)
2019-10-08,10.68000030517578,TDEX.BK ETF อ้างอิง SET50 - TDEX (ตัวแทนตลาด) (Yahoo Finance)
2019-10-09,10.720000267028809,TDEX.BK ETF อ้างอิง SET50 - TDEX (ตัวแทนตลาด) (Yahoo Finance)
2019-10-10,10.670000076293944,TDEX.BK ETF อ้างอิง SET50 - TDEX (ตัวแทนตลาด) (Yahoo Finance)
2019-10-11,10.760000228881836,TDEX.BK ETF อ้างอิง SET50 - TDEX (ตัวแทนตลาด) (Yahoo Finance)
2019-10-15,10.829999923706056,TDEX.BK ETF อ้างอิง SET50 - TDEX (ตัวแทนตลาด) (Yahoo Finance)
2019-10-16,10.859999656677246,TDEX.BK ETF อ้างอิง SET50 - TDEX (ตัวแทนตลาด) (Yahoo Finance)
2019-10-17,10.850000381469728,TDEX.BK ETF อ้างอิง SET50 - TDEX (ตัวแทนตลาด) (Yahoo Finance)
2019-10-18,10.84000015258789,TDEX.BK ETF อ้างอิง SET50 - TDEX (ตัวแทนตลาด) (Yahoo Finance)
2019-10-21,10.779999732971191,TDEX.BK ETF อ้างอิง SET50 - TDEX (ตัวแทนตลาด) (Yahoo Finance)
2019-10-22,10.84000015258789,TDEX.BK ETF อ้างอิง SET50 - TDEX (ตัวแทนตลาด) (Yahoo Finance)
2019-10-24,10.779999732971191,TDEX.BK ETF อ้างอิง SET50 - TDEX (ตัวแทนตลาด) (Yahoo Finance)
2019-10-25,10.649999618530272,TDEX.BK ETF อ้างอิง SET50 - TDEX (ตัวแทนตลาด) (Yahoo Finance)
2019-10-28,10.68000030517578,TDEX.BK ETF อ้างอิง SET50 - TDEX (ตัวแทนตลาด) (Yahoo Finance)
2019-10-29,10.640000343322754,TDEX.BK ETF อ้างอิง SET50 - TDEX (ตัวแทนตลาด) (Yahoo Finance)
2019-10-30,10.6899995803833,TDEX.BK ETF อ้างอิง SET50 - TDEX (ตัวแทนตลาด) (Yahoo Finance)
2019-10-31,10.68000030517578,TDEX.BK ETF อ้างอิง SET50 - TDEX (ตัวแทนตลาด) (Yahoo Finance)
2019-11-01,10.65999984741211,TDEX.BK ETF อ้างอิง SET50 - TDEX (ตัวแทนตลาด) (Yahoo Finance)
2019-11-04,10.869999885559082,TDEX.BK ETF อ้างอิง SET50 - TDEX (ตัวแทนตลาด) (Yahoo Finance)
2019-11-05,10.880000114440918,TDEX.BK ETF อ้างอิง SET50 - TDEX (ตัวแทนตลาด) (Yahoo Finance)
2019-11-06,10.859999656677246,TDEX.BK ETF อ้างอิง SET50 - TDEX (ตัวแทนตลาด) (Yahoo Finance)
2019-11-07,10.979999542236328,TDEX.BK ETF อ้างอิง SET50 - TDEX (ตัวแทนตลาด) (Yahoo Finance)
2019-11-08,10.979999542236328,TDEX.BK ETF อ้างอิง SET50 - TDEX (ตัวแทนตลาด) (Yahoo Finance)
2019-11-11,10.890000343322754,TDEX.BK ETF อ้างอิง SET50 - TDEX (ตัวแทนตลาด) (Yahoo Finance)
2019-11-12,10.899999618530272,TDEX.BK ETF อ้างอิง SET50 - TDEX (ตัวแทนตลาด) (Yahoo Finance)
2019-11-13,10.84000015258789,TDEX.BK ETF อ้างอิง SET50 - TDEX (ตัวแทนตลาด) (Yahoo Finance)
2019-11-14,10.8100004196167,TDEX.BK ETF อ้างอิง SET50 - TDEX (ตัวแทนตลาด) (Yahoo Finance)
2019-11-15,10.779999732971191,TDEX.BK ETF อ้างอิง SET50 - TDEX (ตัวแทนตลาด) (Yahoo Finance)
2019-11-18,10.81999969482422,TDEX.BK ETF อ้างอิง SET50 - TDEX (ตัวแทนตลาด) (Yahoo Finance)
2019-11-19,10.800000190734863,TDEX.BK ETF อ้างอิง SET50 - TDEX (ตัวแทนตลาด) (Yahoo Finance)
2019-11-20,10.75,TDEX.BK ETF อ้างอิง SET50 - TDEX (ตัวแทนตลาด) (Yahoo Finance)
2019-11-21,10.6899995803833,TDEX.BK ETF อ้างอิง SET50 - TDEX (ตัวแทนตลาด) (Yahoo Finance)
2019-11-22,10.739999771118164,TDEX.BK ETF อ้างอิง SET50 - TDEX (ตัวแทนตลาด) (Yahoo Finance)
2019-11-25,10.850000381469728,TDEX.BK ETF อ้างอิง SET50 - TDEX (ตัวแทนตลาด) (Yahoo Finance)
2019-11-26,10.84000015258789,TDEX.BK ETF อ้างอิง SET50 - TDEX (ตัวแทนตลาด) (Yahoo Finance)
2019-11-27,10.800000190734863,TDEX.BK ETF อ้างอิง SET50 - TDEX (ตัวแทนตลาด) (Yahoo Finance)
2019-11-28,10.760000228881836,TDEX.BK ETF อ้างอิง SET50 - TDEX (ตัวแทนตลาด) (Yahoo Finance)
2019-11-29,10.6899995803833,TDEX.BK ETF อ้างอิง SET50 - TDEX (ตัวแทนตลาด) (Yahoo Finance)
2019-12-02,10.529999732971191,TDEX.BK ETF อ้างอิง SET50 - TDEX (ตัวแทนตลาด) (Yahoo Finance)
2019-12-03,10.529999732971191,TDEX.BK ETF อ้างอิง SET50 - TDEX (ตัวแทนตลาด) (Yahoo Finance)
2019-12-04,10.510000228881836,TDEX.BK ETF อ้างอิง SET50 - TDEX (ตัวแทนตลาด) (Yahoo Finance)
2019-12-06,10.5,TDEX.BK ETF อ้างอิง SET50 - TDEX (ตัวแทนตลาด) (Yahoo Finance)
2019-12-09,10.460000038146973,TDEX.BK ETF อ้างอิง SET50 - TDEX (ตัวแทนตลาด) (Yahoo Finance)
2019-12-11,10.449999809265137,TDEX.BK ETF อ้างอิง SET50 - TDEX (ตัวแทนตลาด) (Yahoo Finance)
2019-12-12,10.579999923706056,TDEX.BK ETF อ้างอิง SET50 - TDEX (ตัวแทนตลาด) (Yahoo Finance)
2019-12-13,10.630000114440918,TDEX.BK ETF อ้างอิง SET50 - TDEX (ตัวแทนตลาด) (Yahoo Finance)
2019-12-16,10.520000457763672,TDEX.BK ETF อ้างอิง SET50 - TDEX (ตัวแทนตลาด) (Yahoo Finance)
2019-12-17,10.489999771118164,TDEX.BK ETF อ้างอิง SET50 - TDEX (ตัวแทนตลาด) (Yahoo Finance)
2019-12-18,10.59000015258789,TDEX.BK ETF อ้างอิง SET50 - TDEX (ตัวแทนตลาด) (Yahoo Finance)
2019-12-19,10.65999984741211,TDEX.BK ETF อ้างอิง SET50 - TDEX (ตัวแทนตลาด) (Yahoo Finance)
2019-12-20,10.649999618530272,TDEX.BK ETF อ้างอิง SET50 - TDEX (ตัวแทนตลาด) (Yahoo Finance)
2019-12-23,10.68000030517578,TDEX.BK ETF อ้างอิง SET50 - TDEX (ตัวแทนตลาด) (Yahoo Finance)
2019-12-24,10.630000114440918,TDEX.BK ETF อ้างอิง SET50 - TDEX (ตัวแทนตลาด) (Yahoo Finance)
2019-12-25,10.670000076293944,TDEX.BK ETF อ้างอิง SET50 - TDEX (ตัวแทนตลาด) (Yahoo Finance)
2019-12-26,10.68000030517578,TDEX.BK ETF อ้างอิง SET50 - TDEX (ตัวแทนตลาด) (Yahoo Finance)
2019-12-27,10.649999618530272,TDEX.BK ETF อ้างอิง SET50 - TDEX (ตัวแทนตลาด) (Yahoo Finance)
2019-12-30,10.670000076293944,TDEX.BK ETF อ้างอิง SET50 - TDEX (ตัวแทนตลาด) (Yahoo Finance)
2020-01-02,10.75,TDEX.BK ETF อ้างอิง SET50 - TDEX (ตัวแทนตลาด) (Yahoo Finance)
2020-01-03,10.770000457763672,TDEX.BK ETF อ้างอิง SET50 - TDEX (ตัวแทนตลาด) (Yahoo Finance)
2020-01-06,10.579999923706056,TDEX.BK ETF อ้างอิง SET50 - TDEX (ตัวแทนตลาด) (Yahoo Finance)
2020-01-07,10.670000076293944,TDEX.BK ETF อ้างอิง SET50 - TDEX (ตัวแทนตลาด) (Yahoo Finance)
2020-01-08,10.5600004196167,TDEX.BK ETF อ้างอิง SET50 - TDEX (ตัวแทนตลาด) (Yahoo Finance)
2020-01-09,10.670000076293944,TDEX.BK ETF อ้างอิง SET50 - TDEX (ตัวแทนตลาด) (Yahoo Finance)
2020-01-10,10.6899995803833,TDEX.BK ETF อ้างอิง SET50 - TDEX (ตัวแทนตลาด) (Yahoo Finance)
2020-01-13,10.699999809265137,TDEX.BK ETF อ้างอิง SET50 - TDEX (ตัวแทนตลาด) (Yahoo Finance)
2020-01-14,10.699999809265137,TDEX.BK ETF อ้างอิง SET50 - TDEX (ตัวแทนตลาด) (Yahoo Finance)
2020-01-15,10.670000076293944,TDEX.BK ETF อ้างอิง SET50 - TDEX (ตัวแทนตลาด) (Yahoo Finance)
2020-01-16,10.720000267028809,TDEX.BK ETF อ้างอิง SET50 - TDEX (ตัวแทนตลาด) (Yahoo Finance)
2020-01-17,10.760000228881836,TDEX.BK ETF อ้างอิง SET50 - TDEX (ตัวแทนตลาด) (Yahoo Finance)
2020-01-20,10.68000030517578,TDEX.BK ETF อ้างอิง SET50 - TDEX (ตัวแทนตลาด) (Yahoo Finance)
2020-01-21,10.600000381469728,TDEX.BK ETF อ้างอิง SET50 - TDEX (ตัวแทนตลาด) (Yahoo Finance)
2020-01-22,10.619999885559082,TDEX.BK ETF อ้างอิง SET50 - TDEX (ตัวแทนตลาด) (Yahoo Finance)
2020-01-23,10.56999969482422,TDEX.BK ETF อ้างอิง SET50 - TDEX (ตัวแทนตลาด) (Yahoo Finance)
2020-01-24,10.579999923706056,TDEX.BK ETF อ้างอิง SET50 - TDEX (ตัวแทนตลาด) (Yahoo Finance)
2020-01-27,10.279999732971191,TDEX.BK ETF อ้างอิง SET50 - TDEX (ตัวแทนตลาด) (Yahoo Finance)
2020-01-28,10.300000190734863,TDEX.BK ETF อ้างอิง SET50 - TDEX (ตัวแทนตลาด) (Yahoo Finance)
2020-01-29,10.25,TDEX.BK ETF อ้างอิง SET50 - TDEX (ตัวแทนตลาด) (Yahoo Finance)
2020-01-30,10.229999542236328,TDEX.BK ETF อ้างอิง SET50 - TDEX (ตัวแทนตลาด) (Yahoo Finance)
2020-01-31,10.220000267028809,TDEX.BK ETF อ้างอิง SET50 - TDEX (ตัวแทนตลาด) (Yahoo Finance)
2020-02-03,10.109999656677246,TDEX.BK ETF อ้างอิง SET50 - TDEX (ตัวแทนตลาด) (Yahoo Finance)
2020-02-04,10.25,TDEX.BK ETF อ้างอิง SET50 - TDEX (ตัวแทนตลาด) (Yahoo Finance)
2020-02-05,10.300000190734863,TDEX.BK ETF อ้างอิง SET50 - TDEX (ตัวแทนตลาด) (Yahoo Finance)
2020-02-06,10.34000015258789,TDEX.BK ETF อ้างอิง SET50 - TDEX (ตัวแทนตลาด) (Yahoo Finance)
2020-02-07,10.31999969482422,TDEX.BK ETF อ้างอิง SET50 - TDEX (ตัวแทนตลาด) (Yahoo Finance)
2020-02-11,10.25,TDEX.BK ETF อ้างอิง SET50 - TDEX (ตัวแทนตลาด) (Yahoo Finance)
2020-02-12,10.350000381469728,TDEX.BK ETF อ้างอิง SET50 - TDEX (ตัวแทนตลาด) (Yahoo Finance)
2020-02-13,10.300000190734863,TDEX.BK ETF อ้างอิง SET50 - TDEX (ตัวแทนตลาด) (Yahoo Finance)
2020-02-14,10.0,TDEX.BK ETF อ้างอิง SET50 - TDEX (ตัวแทนตลาด) (Yahoo Finance)
2020-02-17,10.029999732971191,TDEX.BK ETF อ้างอิง SET50 - TDEX (ตัวแทนตลาด) (Yahoo Finance)
2020-02-18,9.960000038146973,TDEX.BK ETF อ้างอิง SET50 - TDEX (ตัวแทนตลาด) (Yahoo Finance)
2020-02-19,9.90999984741211,TDEX.BK ETF อ้างอิง SET50 - TDEX (ตัวแทนตลาด) (Yahoo Finance)
2020-02-20,9.8100004196167,TDEX.BK ETF อ้างอิง SET50 - TDEX (ตัวแทนตลาด) (Yahoo Finance)
2020-02-21,9.8100004196167,TDEX.BK ETF อ้างอิง SET50 - TDEX (ตัวแทนตลาด) (Yahoo Finance)
2020-02-24,9.65999984741211,TDEX.BK ETF อ้างอิง SET50 - TDEX (ตัวแทนตลาด) (Yahoo Finance)
2020-02-25,9.529999732971191,TDEX.BK ETF อ้างอิง SET50 - TDEX (ตัวแทนตลาด) (Yahoo Finance)
2020-02-26,9.130000114440918,TDEX.BK ETF อ้างอิง SET50 - TDEX (ตัวแทนตลาด) (Yahoo Finance)
2020-02-27,9.199999809265137,TDEX.BK ETF อ้างอิง SET50 - TDEX (ตัวแทนตลาด) (Yahoo Finance)
2020-02-28,8.850000381469727,TDEX.BK ETF อ้างอิง SET50 - TDEX (ตัวแทนตลาด) (Yahoo Finance)
2020-03-02,8.819999694824219,TDEX.BK ETF อ้างอิง SET50 - TDEX (ตัวแทนตลาด) (Yahoo Finance)
2020-03-03,9.109999656677246,TDEX.BK ETF อ้างอิง SET50 - TDEX (ตัวแทนตลาด) (Yahoo Finance)
2020-03-04,9.109999656677246,TDEX.BK ETF อ้างอิง SET50 - TDEX (ตัวแทนตลาด) (Yahoo Finance)
2020-03-05,9.170000076293944,TDEX.BK ETF อ้างอิง SET50 - TDEX (ตัวแทนตลาด) (Yahoo Finance)
2020-03-06,8.989999771118164,TDEX.BK ETF อ้างอิง SET50 - TDEX (ตัวแทนตลาด) (Yahoo Finance)
2020-03-09,8.289999961853027,TDEX.BK ETF อ้างอิง SET50 - TDEX (ตัวแทนตลาด) (Yahoo Finance)
2020-03-10,8.319999694824219,TDEX.BK ETF อ้างอิง SET50 - TDEX (ตัวแทนตลาด) (Yahoo Finance)
2020-03-11,8.15999984741211,TDEX.BK ETF อ้างอิง SET50 - TDEX (ตัวแทนตลาด) (Yahoo Finance)
2020-03-12,7.320000171661377,TDEX.BK ETF อ้างอิง SET50 - TDEX (ตัวแทนตลาด) (Yahoo Finance)
2020-03-13,7.449999809265137,TDEX.BK ETF อ้างอิง SET50 - TDEX (ตัวแทนตลาด) (Yahoo Finance)
2020-03-16,7.039999961853027,TDEX.BK ETF อ้างอิง SET50 - TDEX (ตัวแทนตลาด) (Yahoo Finance)
2020-03-17,6.949999809265137,TDEX.BK ETF อ้างอิง SET50 - TDEX (ตัวแทนตลาด) (Yahoo Finance)
2020-03-18,6.880000114440918,TDEX.BK ETF อ้างอิง SET50 - TDEX (ตัวแทนตลาด) (Yahoo Finance)
2020-03-19,6.960000038146973,TDEX.BK ETF อ้างอิง SET50 - TDEX (ตัวแทนตลาด) (Yahoo Finance)
2020-03-20,7.599999904632568,TDEX.BK ETF อ้างอิง SET50 - TDEX (ตัวแทนตลาด) (Yahoo Finance)
2020-03-23,6.889999866485596,TDEX.BK ETF อ้างอิง SET50 - TDEX (ตัวแทนตลาด) (Yahoo Finance)
2020-03-24,7.019999980926514,TDEX.BK ETF อ้างอิง SET50 - TDEX (ตัวแทนตลาด) (Yahoo Finance)
2020-03-25,7.300000190734863,TDEX.BK ETF อ้างอิง SET50 - TDEX (ตัวแทนตลาด) (Yahoo Finance)
2020-03-26,7.309999942779541,TDEX.BK ETF อ้างอิง SET50 - TDEX (ตัวแทนตลาด) (Yahoo Finance)
2020-03-27,7.360000133514404,TDEX.BK ETF อ้างอิง SET50 - TDEX (ตัวแทนตลาด) (Yahoo Finance)
2020-03-30,7.300000190734863,TDEX.BK ETF อ้างอิง SET50 - TDEX (ตัวแทนตลาด) (Yahoo Finance)
2020-03-31,7.539999961853027,TDEX.BK ETF อ้างอิง SET50 - TDEX (ตัวแทนตลาด) (Yahoo Finance)
2020-04-01,7.429999828338623,TDEX.BK ETF อ้างอิง SET50 - TDEX (ตัวแทนตลาด) (Yahoo Finance)
2020-04-02,7.619999885559082,TDEX.BK ETF อ้างอิง SET50 - TDEX (ตัวแทนตลาด) (Yahoo Finance)
2020-04-03,7.599999904632568,TDEX.BK ETF อ้างอิง SET50 - TDEX (ตัวแทนตลาด) (Yahoo Finance)
2020-04-07,8.199999809265137,TDEX.BK ETF อ้างอิง SET50 - TDEX (ตัวแทนตลาด) (Yahoo Finance)
2020-04-08,8.119999885559082,TDEX.BK ETF อ้างอิง SET50 - TDEX (ตัวแทนตลาด) (Yahoo Finance)
2020-04-09,8.15999984741211,TDEX.BK ETF อ้างอิง SET50 - TDEX (ตัวแทนตลาด) (Yahoo Finance)
2020-04-10,8.199999809265137,TDEX.BK ETF อ้างอิง SET50 - TDEX (ตัวแทนตลาด) (Yahoo Finance)
2020-04-13,8.3100004196167,TDEX.BK ETF อ้างอิง SET50 - TDEX (ตัวแทนตลาด) (Yahoo Finance)
2020-04-14,8.350000381469727,TDEX.BK ETF อ้างอิง SET50 - TDEX (ตัวแทนตลาด) (Yahoo Finance)
2020-04-15,8.300000190734863,TDEX.BK ETF อ้างอิง SET50 - TDEX (ตัวแทนตลาด) (Yahoo Finance)
2020-04-16,8.100000381469727,TDEX.BK ETF อ้างอิง SET50 - TDEX (ตัวแทนตลาด) (Yahoo Finance)
2020-04-17,8.300000190734863,TDEX.BK ETF อ้างอิง SET50 - TDEX (ตัวแทนตลาด) (Yahoo Finance)
2020-04-20,8.520000457763672,TDEX.BK ETF อ้างอิง SET50 - TDEX (ตัวแทนตลาด) (Yahoo Finance)
2020-04-21,8.430000305175781,TDEX.BK ETF อ้างอิง SET50 - TDEX (ตัวแทนตลาด) (Yahoo Finance)
2020-04-22,8.420000076293945,TDEX.BK ETF อ้างอิง SET50 - TDEX (ตัวแทนตลาด) (Yahoo Finance)
2020-04-23,8.5,TDEX.BK ETF อ้างอิง SET50 - TDEX (ตัวแทนตลาด) (Yahoo Finance)
2020-04-24,8.399999618530273,TDEX.BK ETF อ้างอิง SET50 - TDEX (ตัวแทนตลาด) (Yahoo Finance)
2020-04-27,8.4399995803833,TDEX.BK ETF อ้างอิง SET50 - TDEX (ตัวแทนตลาด) (Yahoo Finance)
2020-04-28,8.550000190734863,TDEX.BK ETF อ้างอิง SET50 - TDEX (ตัวแทนตลาด) (Yahoo Finance)
2020-04-29,8.529999732971191,TDEX.BK ETF อ้างอิง SET50 - TDEX (ตัวแทนตลาด) (Yahoo Finance)
2020-04-30,8.670000076293945,TDEX.BK ETF อ้างอิง SET50 - TDEX (ตัวแทนตลาด) (Yahoo Finance)
2020-05-05,8.579999923706055,TDEX.BK ETF อ้างอิง SET50 - TDEX (ตัวแทนตลาด) (Yahoo Finance)
2020-05-07,8.449999809265137,TDEX.BK ETF อ้างอิง SET50 - TDEX (ตัวแทนตลาด) (Yahoo Finance)
2020-05-08,8.489999771118164,TDEX.BK ETF อ้างอิง SET50 - TDEX (ตัวแทนตลาด) (Yahoo Finance)
2020-05-11,8.640000343322754,TDEX.BK ETF อ้างอิง SET50 - TDEX (ตัวแทนตลาด) (Yahoo Finance)
2020-05-12,8.6899995803833,TDEX.BK ETF อ้างอิง SET50 - TDEX (ตัวแทนตลาด) (Yahoo Finance)
2020-05-13,8.680000305175781,TDEX.BK ETF อ้างอิง SET50 - TDEX (ตัวแทนตลาด) (Yahoo Finance)
2020-05-14,8.579999923706055,TDEX.BK ETF อ้างอิง SET50 - TDEX (ตัวแทนตลาด) (Yahoo Finance)
2020-05-15,8.579999923706055,TDEX.BK ETF อ้างอิง SET50 - TDEX (ตัวแทนตลาด) (Yahoo Finance)
2020-05-18,8.59000015258789,TDEX.BK ETF อ้างอิง SET50 - TDEX (ตัวแทนตลาด) (Yahoo Finance)
2020-05-19,8.720000267028809,TDEX.BK ETF อ้างอิง SET50 - TDEX (ตัวแทนตลาด) (Yahoo Finance)
2020-05-20,8.770000457763672,TDEX.BK ETF อ้างอิง SET50 - TDEX (ตัวแทนตลาด) (Yahoo Finance)
2020-05-21,8.800000190734863,TDEX.BK ETF อ้างอิง SET50 - TDEX (ตัวแทนตลาด) (Yahoo Finance)
2020-05-22,8.699999809265137,TDEX.BK ETF อ้างอิง SET50 - TDEX (ตัวแทนตลาด) (Yahoo Finance)
2020-05-25,8.75,TDEX.BK ETF อ้างอิง SET50 - TDEX (ตัวแทนตลาด) (Yahoo Finance)
2020-05-26,8.859999656677246,TDEX.BK ETF อ้างอิง SET50 - TDEX (ตัวแทนตลาด) (Yahoo Finance)
2020-05-27,8.899999618530273,TDEX.BK ETF อ้างอิง SET50 - TDEX (ตัวแทนตลาด) (Yahoo Finance)
2020-05-28,8.90999984741211,TDEX.BK ETF อ้างอิง SET50 - TDEX (ตัวแทนตลาด) (Yahoo Finance)
2020-05-29,8.880000114440918,TDEX.BK ETF อ้างอิง SET50 - TDEX (ตัวแทนตลาด) (Yahoo Finance)
2020-06-01,9.0,TDEX.BK ETF อ้างอิง SET50 - TDEX (ตัวแทนตลาด) (Yahoo Finance)
2020-06-02,9.119999885559082,TDEX.BK ETF อ้างอิง SET50 - TDEX (ตัวแทนตลาด) (Yahoo Finance)
2020-06-04,9.399999618530272,TDEX.BK ETF อ้างอิง SET50 - TDEX (ตัวแทนตลาด) (Yahoo Finance)
2020-06-05,9.579999923706056,TDEX.BK ETF อ้างอิง SET50 - TDEX (ตัวแทนตลาด) (Yahoo Finance)
2020-06-08,9.619999885559082,TDEX.BK ETF อ้างอิง SET50 - TDEX (ตัวแทนตลาด) (Yahoo Finance)
2020-06-09,9.399999618530272,TDEX.BK ETF อ้างอิง SET50 - TDEX (ตัวแทนตลาด) (Yahoo Finance)
2020-06-10,9.460000038146973,TDEX.BK ETF อ้างอิง SET50 - TDEX (ตัวแทนตลาด) (Yahoo Finance)
2020-06-11,9.289999961853027,TDEX.BK ETF อ้างอิง SET50 - TDEX (ตัวแทนตลาด) (Yahoo Finance)
2020-06-12,9.1899995803833,TDEX.BK ETF อ้างอิง SET50 - TDEX (ตัวแทนตลาด) (Yahoo Finance)
2020-06-15,8.930000305175781,TDEX.BK ETF อ้างอิง SET50 - TDEX (ตัวแทนตลาด) (Yahoo Finance)
2020-06-16,9.050000190734863,TDEX.BK ETF อ้างอิง SET50 - TDEX (ตัวแทนตลาด) (Yahoo Finance)
2020-06-17,9.09000015258789,TDEX.BK ETF อ้างอิง SET50 - TDEX (ตัวแทนตลาด) (Yahoo Finance)
2020-06-18,9.0600004196167,TDEX.BK ETF อ้างอิง SET50 - TDEX (ตัวแทนตลาด) (Yahoo Finance)
2020-06-19,9.100000381469728,TDEX.BK ETF อ้างอิง SET50 - TDEX (ตัวแทนตลาด) (Yahoo Finance)
2020-06-22,8.930000305175781,TDEX.BK ETF อ้างอิง SET50 - TDEX (ตัวแทนตลาด) (Yahoo Finance)
2020-06-23,8.970000267028809,TDEX.BK ETF อ้างอิง SET50 - TDEX (ตัวแทนตลาด) (Yahoo Finance)
2020-06-24,8.819999694824219,TDEX.BK ETF อ้างอิง SET50 - TDEX (ตัวแทนตลาด) (Yahoo Finance)
2020-06-25,8.739999771118164,TDEX.BK ETF อ้างอิง SET50 - TDEX (ตัวแทนตลาด) (Yahoo Finance)
2020-06-26,8.770000457763672,TDEX.BK ETF อ้างอิง SET50 - TDEX (ตัวแทนตลาด) (Yahoo Finance)
2020-06-29,8.720000267028809,TDEX.BK ETF อ้างอิง SET50 - TDEX (ตัวแทนตลาด) (Yahoo Finance)
2020-06-30,8.819999694824219,TDEX.BK ETF อ้างอิง SET50 - TDEX (ตัวแทนตลาด) (Yahoo Finance)
2020-07-01,8.880000114440918,TDEX.BK ETF อ้างอิง SET50 - TDEX (ตัวแทนตลาด) (Yahoo Finance)
2020-07-02,9.020000457763672,TDEX.BK ETF อ้างอิง SET50 - TDEX (ตัวแทนตลาด) (Yahoo Finance)
2020-07-03,9.0600004196167,TDEX.BK ETF อ้างอิง SET50 - TDEX (ตัวแทนตลาด) (Yahoo Finance)
2020-07-07,9.050000190734863,TDEX.BK ETF อ้างอิง SET50 - TDEX (ตัวแทนตลาด) (Yahoo Finance)
2020-07-08,8.949999809265137,TDEX.BK ETF อ้างอิง SET50 - TDEX (ตัวแทนตลาด) (Yahoo Finance)
2020-07-09,8.960000038146973,TDEX.BK ETF อ้างอิง SET50 - TDEX (ตัวแทนตลาด) (Yahoo Finance)
2020-07-10,8.850000381469727,TDEX.BK ETF อ้างอิง SET50 - TDEX (ตัวแทนตลาด) (Yahoo Finance)
2020-07-13,8.760000228881836,TDEX.BK ETF อ้างอิง SET50 - TDEX (ตัวแทนตลาด) (Yahoo Finance)
2020-07-14,8.760000228881836,TDEX.BK ETF อ้างอิง SET50 - TDEX (ตัวแทนตลาด) (Yahoo Finance)
2020-07-15,8.859999656677246,TDEX.BK ETF อ้างอิง SET50 - TDEX (ตัวแทนตลาด) (Yahoo Finance)
2020-07-16,8.770000457763672,TDEX.BK ETF อ้างอิง SET50 - TDEX (ตัวแทนตลาด) (Yahoo Finance)
2020-07-17,8.890000343322754,TDEX.BK ETF อ้างอิง SET50 - TDEX (ตัวแทนตลาด) (Yahoo Finance)
2020-07-20,8.880000114440918,TDEX.BK ETF อ้างอิง SET50 - TDEX (ตัวแทนตลาด) (Yahoo Finance)
2020-07-21,8.979999542236328,TDEX.BK ETF อ้างอิง SET50 - TDEX (ตัวแทนตลาด) (Yahoo Finance)
2020-07-22,8.890000343322754,TDEX.BK ETF อ้างอิง SET50 - TDEX (ตัวแทนตลาด) (Yahoo Finance)
2020-07-23,8.899999618530273,TDEX.BK ETF อ้างอิง SET50 - TDEX (ตัวแทนตลาด) (Yahoo Finance)
2020-07-24,8.760000228881836,TDEX.BK ETF อ้างอิง SET50 - TDEX (ตัวแทนตลาด) (Yahoo Finance)
2020-07-29,8.720000267028809,TDEX.BK ETF อ้างอิง SET50 - TDEX (ตัวแทนตลาด) (Yahoo Finance)
2020-07-30,8.550000190734863,TDEX.BK ETF อ้างอิง SET50 - TDEX (ตัวแทนตลาด) (Yahoo Finance)
2020-07-31,8.59000015258789,TDEX.BK ETF อ้างอิง SET50 - TDEX (ตัวแทนตลาด) (Yahoo Finance)
2020-08-03,8.510000228881836,TDEX.BK ETF อ้างอิง SET50 - TDEX (ตัวแทนตลาด) (Yahoo Finance)
2020-08-04,8.5600004196167,TDEX.BK ETF อ้างอิง SET50 - TDEX (ตัวแทนตลาด) (Yahoo Finance)
2020-08-05,8.609999656677246,TDEX.BK ETF อ้างอิง SET50 - TDEX (ตัวแทนตลาด) (Yahoo Finance)
2020-08-06,8.65999984741211,TDEX.BK ETF อ้างอิง SET50 - TDEX (ตัวแทนตลาด) (Yahoo Finance)
2020-08-07,8.579999923706055,TDEX.BK ETF อ้างอิง SET50 - TDEX (ตัวแทนตลาด) (Yahoo Finance)
2020-08-10,8.569999694824219,TDEX.BK ETF อ้างอิง SET50 - TDEX (ตัวแทนตลาด) (Yahoo Finance)
2020-08-11,8.65999984741211,TDEX.BK ETF อ้างอิง SET50 - TDEX (ตัวแทนตลาด) (Yahoo Finance)
2020-08-13,8.75,TDEX.BK ETF อ้างอิง SET50 - TDEX (ตัวแทนตลาด) (Yahoo Finance)
2020-08-14,8.649999618530273,TDEX.BK ETF อ้างอิง SET50 - TDEX (ตัวแทนตลาด) (Yahoo Finance)
2020-08-17,8.579999923706055,TDEX.BK ETF อ้างอิง SET50 - TDEX (ตัวแทนตลาด) (Yahoo Finance)
2020-08-18,8.649999618530273,TDEX.BK ETF อ้างอิง SET50 - TDEX (ตัวแทนตลาด) (Yahoo Finance)
2020-08-19,8.539999961853027,TDEX.BK ETF อ้างอิง SET50 - TDEX (ตัวแทนตลาด) (Yahoo Finance)
2020-08-20,8.449999809265137,TDEX.BK ETF อ้างอิง SET50 - TDEX (ตัวแทนตลาด) (Yahoo Finance)
2020-08-21,8.420000076293945,TDEX.BK ETF อ้างอิง SET50 - TDEX (ตัวแทนตลาด) (Yahoo Finance)
2020-08-24,8.520000457763672,TDEX.BK ETF อ้างอิง SET50 - TDEX (ตัวแทนตลาด) (Yahoo Finance)
2020-08-25,8.550000190734863,TDEX.BK ETF อ้างอิง SET50 - TDEX (ตัวแทนตลาด) (Yahoo Finance)
2020-08-26,8.5600004196167,TDEX.BK ETF อ้างอิง SET50 - TDEX (ตัวแทนตลาด) (Yahoo Finance)
2020-08-27,8.59000015258789,TDEX.BK ETF อ้างอิง SET50 - TDEX (ตัวแทนตลาด) (Yahoo Finance)
2020-08-28,8.600000381469727,TDEX.BK ETF อ้างอิง SET50 - TDEX (ตัวแทนตลาด) (Yahoo Finance)
2020-08-31,8.489999771118164,TDEX.BK ETF อ้างอิง SET50 - TDEX (ตัวแทนตลาด) (Yahoo Finance)
2020-09-01,8.460000038146973,TDEX.BK ETF อ้างอิง SET50 - TDEX (ตัวแทนตลาด) (Yahoo Finance)
2020-09-02,8.479999542236328,TDEX.BK ETF อ้างอิง SET50 - TDEX (ตัวแทนตลาด) (Yahoo Finance)
2020-09-03,8.470000267028809,TDEX.BK ETF อ้างอิง SET50 - TDEX (ตัวแทนตลาด) (Yahoo Finance)
2020-09-08,8.369999885559082,TDEX.BK ETF อ้างอิง SET50 - TDEX (ตัวแทนตลาด) (Yahoo Finance)
2020-09-09,8.359999656677246,TDEX.BK ETF อ้างอิง SET50 - TDEX (ตัวแทนตลาด) (Yahoo Finance)
2020-09-10,8.319999694824219,TDEX.BK ETF อ้างอิง SET50 - TDEX (ตัวแทนตลาด) (Yahoo Finance)
2020-09-11,8.279999732971191,TDEX.BK ETF อ้างอิง SET50 - TDEX (ตัวแทนตลาด) (Yahoo Finance)
2020-09-14,8.239999771118164,TDEX.BK ETF อ้างอิง SET50 - TDEX (ตัวแทนตลาด) (Yahoo Finance)
2020-09-15,8.3100004196167,TDEX.BK ETF อ้างอิง SET50 - TDEX (ตัวแทนตลาด) (Yahoo Finance)
2020-09-16,8.359999656677246,TDEX.BK ETF อ้างอิง SET50 - TDEX (ตัวแทนตลาด) (Yahoo Finance)
2020-09-17,8.270000457763672,TDEX.BK ETF อ้างอิง SET50 - TDEX (ตัวแทนตลาด) (Yahoo Finance)
2020-09-18,8.270000457763672,TDEX.BK ETF อ้างอิง SET50 - TDEX (ตัวแทนตลาด) (Yahoo Finance)
2020-09-21,8.210000038146973,TDEX.BK ETF อ้างอิง SET50 - TDEX (ตัวแทนตลาด) (Yahoo Finance)
2020-09-22,8.130000114440918,TDEX.BK ETF อ้างอิง SET50 - TDEX (ตัวแทนตลาด) (Yahoo Finance)
2020-09-23,8.100000381469727,TDEX.BK ETF อ้างอิง SET50 - TDEX (ตัวแทนตลาด) (Yahoo Finance)
2020-09-24,7.980000019073486,TDEX.BK ETF อ้างอิง SET50 - TDEX (ตัวแทนตลาด) (Yahoo Finance)
2020-09-25,7.96999979019165,TDEX.BK ETF อ้างอิง SET50 - TDEX (ตัวแทนตลาด) (Yahoo Finance)
2020-09-28,8.039999961853027,TDEX.BK ETF อ้างอิง SET50 - TDEX (ตัวแทนตลาด) (Yahoo Finance)
2020-09-29,7.989999771118164,TDEX.BK ETF อ้างอิง SET50 - TDEX (ตัวแทนตลาด) (Yahoo Finance)
2020-09-30,7.880000114440918,TDEX.BK ETF อ้างอิง SET50 - TDEX (ตัวแทนตลาด) (Yahoo Finance)
2020-10-01,7.920000076293945,TDEX.BK ETF อ้างอิง SET50 - TDEX (ตัวแทนตลาด) (Yahoo Finance)
2020-10-02,7.809999942779541,TDEX.BK ETF อ้างอิง SET50 - TDEX (ตัวแทนตลาด) (Yahoo Finance)
2020-10-05,7.869999885559082,TDEX.BK ETF อ้างอิง SET50 - TDEX (ตัวแทนตลาด) (Yahoo Finance)
2020-10-06,7.929999828338623,TDEX.BK ETF อ้างอิง SET50 - TDEX (ตัวแทนตลาด) (Yahoo Finance)
2020-10-07,8.010000228881836,TDEX.BK ETF อ้างอิง SET50 - TDEX (ตัวแทนตลาด) (Yahoo Finance)
2020-10-08,8.09000015258789,TDEX.BK ETF อ้างอิง SET50 - TDEX (ตัวแทนตลาด) (Yahoo Finance)
2020-10-09,8.039999961853027,TDEX.BK ETF อ้างอิง SET50 - TDEX (ตัวแทนตลาด) (Yahoo Finance)
2020-10-12,8.079999923706055,TDEX.BK ETF อ้างอิง SET50 - TDEX (ตัวแทนตลาด) (Yahoo Finance)
2020-10-14,7.989999771118164,TDEX.BK ETF อ้างอิง SET50 - TDEX (ตัวแทนตลาด) (Yahoo Finance)
2020-10-15,7.849999904632568,TDEX.BK ETF อ้างอิง SET50 - TDEX (ตัวแทนตลาด) (Yahoo Finance)
2020-10-16,7.809999942779541,TDEX.BK ETF อ้างอิง SET50 - TDEX (ตัวแทนตลาด) (Yahoo Finance)
2020-10-19,7.650000095367432,TDEX.BK ETF อ้างอิง SET50 - TDEX (ตัวแทนตลาด) (Yahoo Finance)
2020-10-20,7.639999866485596,TDEX.BK ETF อ้างอิง SET50 - TDEX (ตัวแทนตลาด) (Yahoo Finance)
2020-10-21,7.690000057220459,TDEX.BK ETF อ้างอิง SET50 - TDEX (ตัวแทนตลาด) (Yahoo Finance)
2020-10-22,7.670000076293945,TDEX.BK ETF อ้างอิง SET50 - TDEX (ตัวแทนตลาด) (Yahoo Finance)
2020-10-26,7.619999885559082,TDEX.BK ETF อ้างอิง SET50 - TDEX (ตัวแทนตลาด) (Yahoo Finance)
2020-10-27,7.619999885559082,TDEX.BK ETF อ้างอิง SET50 - TDEX (ตัวแทนตลาด) (Yahoo Finance)
2020-10-28,7.610000133514404,TDEX.BK ETF อ้างอิง SET50 - TDEX (ตัวแทนตลาด) (Yahoo Finance)
2020-10-29,7.559999942779541,TDEX.BK ETF อ้างอิง SET50 - TDEX (ตัวแทนตลาด) (Yahoo Finance)
2020-10-30,7.519999980926514,TDEX.BK ETF อ้างอิง SET50 - TDEX (ตัวแทนตลาด) (Yahoo Finance)
2020-11-02,7.53000020980835,TDEX.BK ETF อ้างอิง SET50 - TDEX (ตัวแทนตลาด) (Yahoo Finance)
2020-11-03,7.690000057220459,TDEX.BK ETF อ้างอิง SET50 - TDEX (ตัวแทนตลาด) (Yahoo Finance)
2020-11-04,7.699999809265137,TDEX.BK ETF อ้างอิง SET50 - TDEX (ตัวแทนตลาด) (Yahoo Finance)
2020-11-05,7.960000038146973,TDEX.BK ETF อ้างอิง SET50 - TDEX (ตัวแทนตลาด) (Yahoo Finance)
2020-11-06,8.0,TDEX.BK ETF อ้างอิง SET50 - TDEX (ตัวแทนตลาด) (Yahoo Finance)
2020-11-09,8.199999809265137,TDEX.BK ETF อ้างอิง SET50 - TDEX (ตัวแทนตลาด) (Yahoo Finance)
2020-11-10,8.75,TDEX.BK ETF อ้างอิง SET50 - TDEX (ตัวแทนตลาด) (Yahoo Finance)
2020-11-11,8.75,TDEX.BK ETF อ้างอิง SET50 - TDEX (ตัวแทนตลาด) (Yahoo Finance)
2020-11-12,8.699999809265137,TDEX.BK ETF อ้างอิง SET50 - TDEX (ตัวแทนตลาด) (Yahoo Finance)
2020-11-13,8.800000190734863,TDEX.BK ETF อ้างอิง SET50 - TDEX (ตัวแทนตลาด) (Yahoo Finance)
2020-11-16,8.819999694824219,TDEX.BK ETF อ้างอิง SET50 - TDEX (ตัวแทนตลาด) (Yahoo Finance)
2020-11-17,8.779999732971191,TDEX.BK ETF อ้างอิง SET50 - TDEX (ตัวแทนตลาด) (Yahoo Finance)
2020-11-18,8.890000343322754,TDEX.BK ETF อ้างอิง SET50 - TDEX (ตัวแทนตลาด) (Yahoo Finance)
2020-11-19,8.890000343322754,TDEX.BK ETF อ้างอิง SET50 - TDEX (ตัวแทนตลาด) (Yahoo Finance)
2020-11-20,9.039999961853027,TDEX.BK ETF อ้างอิง SET50 - TDEX (ตัวแทนตลาด) (Yahoo Finance)
2020-11-23,9.270000457763672,TDEX.BK ETF อ้างอิง SET50 - TDEX (ตัวแทนตลาด) (Yahoo Finance)
2020-11-24,9.18000030517578,TDEX.BK ETF อ้างอิง SET50 - TDEX (ตัวแทนตลาด) (Yahoo Finance)
2020-11-25,9.210000038146973,TDEX.BK ETF อ้างอิง SET50 - TDEX (ตัวแทนตลาด) (Yahoo Finance)
2020-11-26,9.300000190734863,TDEX.BK ETF อ้างอิง SET50 - TDEX (ตัวแทนตลาด) (Yahoo Finance)
2020-11-27,9.329999923706056,TDEX.BK ETF อ้างอิง SET50 - TDEX (ตัวแทนตลาด) (Yahoo Finance)
2020-11-30,9.140000343322754,TDEX.BK ETF อ้างอิง SET50 - TDEX (ตัวแทนตลาด) (Yahoo Finance)
2020-12-01,9.199999809265137,TDEX.BK ETF อ้างอิง SET50 - TDEX (ตัวแทนตลาด) (Yahoo Finance)
2020-12-02,9.18000030517578,TDEX.BK ETF อ้างอิง SET50 - TDEX (ตัวแทนตลาด) (Yahoo Finance)
2020-12-03,9.31999969482422,TDEX.BK ETF อ้างอิง SET50 - TDEX (ตัวแทนตลาด) (Yahoo Finance)
2020-12-04,9.399999618530272,TDEX.BK ETF อ้างอิง SET50 - TDEX (ตัวแทนตลาด) (Yahoo Finance)
2020-12-08,9.59000015258789,TDEX.BK ETF อ้างอิง SET50 - TDEX (ตัวแทนตลาด) (Yahoo Finance)
2020-12-09,9.59000015258789,TDEX.BK ETF อ้างอิง SET50 - TDEX (ตัวแทนตลาด) (Yahoo Finance)
2020-12-14,9.510000228881836,TDEX.BK ETF อ้างอิง SET50 - TDEX (ตัวแทนตลาด) (Yahoo Finance)
2020-12-15,9.449999809265137,TDEX.BK ETF อ้างอิง SET50 - TDEX (ตัวแทนตลาด) (Yahoo Finance)
2020-12-16,9.510000228881836,TDEX.BK ETF อ้างอิง SET50 - TDEX (ตัวแทนตลาด) (Yahoo Finance)
2020-12-17,9.529999732971191,TDEX.BK ETF อ้างอิง SET50 - TDEX (ตัวแทนตลาด) (Yahoo Finance)
2020-12-18,9.460000038146973,TDEX.BK ETF อ้างอิง SET50 - TDEX (ตัวแทนตลาด) (Yahoo Finance)
2020-12-21,9.010000228881836,TDEX.BK ETF อ้างอิง SET50 - TDEX (ตัวแทนตลาด) (Yahoo Finance)
2020-12-22,9.050000190734863,TDEX.BK ETF อ้างอิง SET50 - TDEX (ตัวแทนตลาด) (Yahoo Finance)
2020-12-23,8.989999771118164,TDEX.BK ETF อ้างอิง SET50 - TDEX (ตัวแทนตลาด) (Yahoo Finance)
2020-12-24,9.130000114440918,TDEX.BK ETF อ้างอิง SET50 - TDEX (ตัวแทนตลาด) (Yahoo Finance)
2020-12-25,9.220000267028809,TDEX.BK ETF อ้างอิง SET50 - TDEX (ตัวแทนตลาด) (Yahoo Finance)
2020-12-28,8.90999984741211,TDEX.BK ETF อ้างอิง SET50 - TDEX (ตัวแทนตลาด) (Yahoo Finance)
2020-12-29,9.100000381469728,TDEX.BK ETF อ้างอิง SET50 - TDEX (ตัวแทนตลาด) (Yahoo Finance)
2020-12-30,9.0,TDEX.BK ETF อ้างอิง SET50 - TDEX (ตัวแทนตลาด) (Yahoo Finance)
2021-01-04,9.09000015258789,TDEX.BK ETF อ้างอิง SET50 - TDEX (ตัวแทนตลาด) (Yahoo Finance)
2021-01-05,9.380000114440918,TDEX.BK ETF อ้างอิง SET50 - TDEX (ตัวแทนตลาด) (Yahoo Finance)
2021-01-06,9.3100004196167,TDEX.BK ETF อ้างอิง SET50 - TDEX (ตัวแทนตลาด) (Yahoo Finance)
2021-01-07,9.470000267028809,TDEX.BK ETF อ้างอิง SET50 - TDEX (ตัวแทนตลาด) (Yahoo Finance)
2021-01-08,9.6899995803833,TDEX.BK ETF อ้างอิง SET50 - TDEX (ตัวแทนตลาด) (Yahoo Finance)
2021-01-11,9.640000343322754,TDEX.BK ETF อ้างอิง SET50 - TDEX (ตัวแทนตลาด) (Yahoo Finance)
2021-01-12,9.670000076293944,TDEX.BK ETF อ้างอิง SET50 - TDEX (ตัวแทนตลาด) (Yahoo Finance)
2021-01-13,9.729999542236328,TDEX.BK ETF อ้างอิง SET50 - TDEX (ตัวแทนตลาด) (Yahoo Finance)
2021-01-14,9.649999618530272,TDEX.BK ETF อ้างอิง SET50 - TDEX (ตัวแทนตลาด) (Yahoo Finance)
2021-01-15,9.529999732971191,TDEX.BK ETF อ้างอิง SET50 - TDEX (ตัวแทนตลาด) (Yahoo Finance)
2021-01-18,9.43000030517578,TDEX.BK ETF อ้างอิง SET50 - TDEX (ตัวแทนตลาด) (Yahoo Finance)
2021-01-19,9.539999961853027,TDEX.BK ETF อ้างอิง SET50 - TDEX (ตัวแทนตลาด) (Yahoo Finance)
2021-01-20,9.520000457763672,TDEX.BK ETF อ้างอิง SET50 - TDEX (ตัวแทนตลาด) (Yahoo Finance)
2021-01-21,9.420000076293944,TDEX.BK ETF อ้างอิง SET50 - TDEX (ตัวแทนตลาด) (Yahoo Finance)
2021-01-22,9.329999923706056,TDEX.BK ETF อ้างอิง SET50 - TDEX (ตัวแทนตลาด) (Yahoo Finance)
2021-01-25,9.329999923706056,TDEX.BK ETF อ้างอิง SET50 - TDEX (ตัวแทนตลาด) (Yahoo Finance)
2021-01-26,9.399999618530272,TDEX.BK ETF อ้างอิง SET50 - TDEX (ตัวแทนตลาด) (Yahoo Finance)
2021-01-27,9.31999969482422,TDEX.BK ETF อ้างอิง SET50 - TDEX (ตัวแทนตลาด) (Yahoo Finance)
2021-01-28,9.149999618530272,TDEX.BK ETF อ้างอิง SET50 - TDEX (ตัวแทนตลาด) (Yahoo Finance)
2021-01-29,9.149999618530272,TDEX.BK ETF อ้างอิง SET50 - TDEX (ตัวแทนตลาด) (Yahoo Finance)
2021-02-01,9.220000267028809,TDEX.BK ETF อ้างอิง SET50 - TDEX (ตัวแทนตลาด) (Yahoo Finance)
2021-02-02,9.25,TDEX.BK ETF อ้างอิง SET50 - TDEX (ตัวแทนตลาด) (Yahoo Finance)
2021-02-03,9.25,TDEX.BK ETF อ้างอิง SET50 - TDEX (ตัวแทนตลาด) (Yahoo Finance)
2021-02-04,9.25,TDEX.BK ETF อ้างอิง SET50 - TDEX (ตัวแทนตลาด) (Yahoo Finance)
2021-02-05,9.140000343322754,TDEX.BK ETF อ้างอิง SET50 - TDEX (ตัวแทนตลาด) (Yahoo Finance)
2021-02-08,9.199999809265137,TDEX.BK ETF อ้างอิง SET50 - TDEX (ตัวแทนตลาด) (Yahoo Finance)
2021-02-09,9.25,TDEX.BK ETF อ้างอิง SET50 - TDEX (ตัวแทนตลาด) (Yahoo Finance)
2021-02-10,9.210000038146973,TDEX.BK ETF อ้างอิง SET50 - TDEX (ตัวแทนตลาด) (Yahoo Finance)
2021-02-11,9.199999809265137,TDEX.BK ETF อ้างอิง SET50 - TDEX (ตัวแทนตลาด) (Yahoo Finance)
2021-02-15,9.239999771118164,TDEX.BK ETF อ้างอิง SET50 - TDEX (ตัวแทนตลาด) (Yahoo Finance)
2021-02-16,9.229999542236328,TDEX.BK ETF อ้างอิง SET50 - TDEX (ตัวแทนตลาด) (Yahoo Finance)
2021-02-17,9.18000030517578,TDEX.BK ETF อ้างอิง SET50 - TDEX (ตัวแทนตลาด) (Yahoo Finance)
2021-02-18,9.170000076293944,TDEX.BK ETF อ้างอิง SET50 - TDEX (ตัวแทนตลาด) (Yahoo Finance)
2021-02-19,9.06999969482422,TDEX.BK ETF อ้างอิง SET50 - TDEX (ตัวแทนตลาด) (Yahoo Finance)
2021-02-22,8.949999809265137,TDEX.BK ETF อ้างอิง SET50 - TDEX (ตัวแทนตลาด) (Yahoo Finance)
2021-02-23,9.109999656677246,TDEX.BK ETF อ้างอิง SET50 - TDEX (ตัวแทนตลาด) (Yahoo Finance)
2021-02-24,9.06999969482422,TDEX.BK ETF อ้างอิง SET50 - TDEX (ตัวแทนตลาด) (Yahoo Finance)
2021-02-25,9.09000015258789,TDEX.BK ETF อ้างอิง SET50 - TDEX (ตัวแทนตลาด) (Yahoo Finance)
2021-03-01,9.119999885559082,TDEX.BK ETF อ้างอิง SET50 - TDEX (ตัวแทนตลาด) (Yahoo Finance)
2021-03-02,9.09000015258789,TDEX.BK ETF อ้างอิง SET50 - TDEX (ตัวแทนตลาด) (Yahoo Finance)
2021-03-03,9.390000343322754,TDEX.BK ETF อ้างอิง SET50 - TDEX (ตัวแทนตลาด) (Yahoo Finance)
2021-03-04,9.31999969482422,TDEX.BK ETF อ้างอิง SET50 - TDEX (ตัวแทนตลาด) (Yahoo Finance)
2021-03-05,9.369999885559082,TDEX.BK ETF อ้างอิง SET50 - TDEX (ตัวแทนตลาด) (Yahoo Finance)
2021-03-08,9.350000381469728,TDEX.BK ETF อ้างอิง SET50 - TDEX (ตัวแทนตลาด) (Yahoo Finance)
2021-03-09,9.369999885559082,TDEX.BK ETF อ้างอิง SET50 - TDEX (ตัวแทนตลาด) (Yahoo Finance)
2021-03-10,9.520000457763672,TDEX.BK ETF อ้างอิง SET50 - TDEX (ตัวแทนตลาด) (Yahoo Finance)
2021-03-11,9.550000190734863,TDEX.BK ETF อ้างอิง SET50 - TDEX (ตัวแทนตลาด) (Yahoo Finance)
2021-03-12,9.529999732971191,TDEX.BK ETF อ้างอิง SET50 - TDEX (ตัวแทนตลาด) (Yahoo Finance)
2021-03-15,9.449999809265137,TDEX.BK ETF อ้างอิง SET50 - TDEX (ตัวแทนตลาด) (Yahoo Finance)
2021-03-16,9.449999809265137,TDEX.BK ETF อ้างอิง SET50 - TDEX (ตัวแทนตลาด) (Yahoo Finance)
2021-03-17,9.470000267028809,TDEX.BK ETF อ้างอิง SET50 - TDEX (ตัวแทนตลาด) (Yahoo Finance)
2021-03-18,9.449999809265137,TDEX.BK ETF อ้างอิง SET50 - TDEX (ตัวแทนตลาด) (Yahoo Finance)
2021-03-19,9.380000114440918,TDEX.BK ETF อ้างอิง SET50 - TDEX (ตัวแทนตลาด) (Yahoo Finance)
2021-03-22,9.399999618530272,TDEX.BK ETF อ้างอิง SET50 - TDEX (ตัวแทนตลาด) (Yahoo Finance)
2021-03-23,9.390000343322754,TDEX.BK ETF อ้างอิง SET50 - TDEX (ตัวแทนตลาด) (Yahoo Finance)
2021-03-24,9.380000114440918,TDEX.BK ETF อ้างอิง SET50 - TDEX (ตัวแทนตลาด) (Yahoo Finance)
2021-03-25,9.40999984741211,TDEX.BK ETF อ้างอิง SET50 - TDEX (ตัวแทนตลาด) (Yahoo Finance)
2021-03-26,9.40999984741211,TDEX.BK ETF อ้างอิง SET50 - TDEX (ตัวแทนตลาด) (Yahoo Finance)
2021-03-29,9.5,TDEX.BK ETF อ้างอิง SET50 - TDEX (ตัวแทนตลาด) (Yahoo Finance)
2021-03-30,9.520000457763672,TDEX.BK ETF อ้างอิง SET50 - TDEX (ตัวแทนตลาด) (Yahoo Finance)
2021-03-31,9.520000457763672,TDEX.BK ETF อ้างอิง SET50 - TDEX (ตัวแทนตลาด) (Yahoo Finance)
2021-04-01,9.550000190734863,TDEX.BK ETF อ้างอิง SET50 - TDEX (ตัวแทนตลาด) (Yahoo Finance)
2021-04-02,9.529999732971191,TDEX.BK ETF อ้างอิง SET50 - TDEX (ตัวแทนตลาด) (Yahoo Finance)
2021-04-05,9.470000267028809,TDEX.BK ETF อ้างอิง SET50 - TDEX (ตัวแทนตลาด) (Yahoo Finance)
2021-04-07,9.329999923706056,TDEX.BK ETF อ้างอิง SET50 - TDEX (ตัวแทนตลาด) (Yahoo Finance)
2021-04-08,9.34000015258789,TDEX.BK ETF อ้างอิง SET50 - TDEX (ตัวแทนตลาด) (Yahoo Finance)
2021-04-09,9.369999885559082,TDEX.BK ETF อ้างอิง SET50 - TDEX (ตัวแทนตลาด) (Yahoo Finance)
2021-04-12,9.25,TDEX.BK ETF อ้างอิง SET50 - TDEX (ตัวแทนตลาด) (Yahoo Finance)
2021-04-16,9.25,TDEX.BK ETF อ้างอิง SET50 - TDEX (ตัวแทนตลาด) (Yahoo Finance)
2021-04-19,9.390000343322754,TDEX.BK ETF อ้างอิง SET50 - TDEX (ตัวแทนตลาด) (Yahoo Finance)
2021-04-20,9.43000030517578,TDEX.BK ETF อ้างอิง SET50 - TDEX (ตัวแทนตลาด) (Yahoo Finance)
2021-04-21,9.4399995803833,TDEX.BK ETF อ้างอิง SET50 - TDEX (ตัวแทนตลาด) (Yahoo Finance)
2021-04-22,9.34000015258789,TDEX.BK ETF อ้างอิง SET50 - TDEX (ตัวแทนตลาด) (Yahoo Finance)
2021-04-23,9.260000228881836,TDEX.BK ETF อ้างอิง SET50 - TDEX (ตัวแทนตลาด) (Yahoo Finance)
2021-04-26,9.289999961853027,TDEX.BK ETF อ้างอิง SET50 - TDEX (ตัวแทนตลาด) (Yahoo Finance)
2021-04-27,9.270000457763672,TDEX.BK ETF อ้างอิง SET50 - TDEX (ตัวแทนตลาด) (Yahoo Finance)
2021-04-28,9.350000381469728,TDEX.BK ETF อ้างอิง SET50 - TDEX (ตัวแทนตลาด) (Yahoo Finance)
2021-04-29,9.460000038146973,TDEX.BK ETF อ้างอิง SET50 - TDEX (ตัวแทนตลาด) (Yahoo Finance)
2021-04-30,9.420000076293944,TDEX.BK ETF อ้างอิง SET50 - TDEX (ตัวแทนตลาด) (Yahoo Finance)
2021-05-05,9.18000030517578,TDEX.BK ETF อ้างอิง SET50 - TDEX (ตัวแทนตลาด) (Yahoo Finance)
2021-05-06,9.31999969482422,TDEX.BK ETF อ้างอิง SET50 - TDEX (ตัวแทนตลาด) (Yahoo Finance)
2021-05-07,9.390000343322754,TDEX.BK ETF อ้างอิง SET50 - TDEX (ตัวแทนตลาด) (Yahoo Finance)
2021-05-10,9.4399995803833,TDEX.BK ETF อ้างอิง SET50 - TDEX (ตัวแทนตลาด) (Yahoo Finance)
2021-05-11,9.399999618530272,TDEX.BK ETF อ้างอิง SET50 - TDEX (ตัวแทนตลาด) (Yahoo Finance)
2021-05-12,9.380000114440918,TDEX.BK ETF อ้างอิง SET50 - TDEX (ตัวแทนตลาด) (Yahoo Finance)
2021-05-13,9.260000228881836,TDEX.BK ETF อ้างอิง SET50 - TDEX (ตัวแทนตลาด) (Yahoo Finance)
2021-05-14,9.220000267028809,TDEX.BK ETF อ้างอิง SET50 - TDEX (ตัวแทนตลาด) (Yahoo Finance)
2021-05-17,9.260000228881836,TDEX.BK ETF อ้างอิง SET50 - TDEX (ตัวแทนตลาด) (Yahoo Finance)
2021-05-18,9.329999923706056,TDEX.BK ETF อ้างอิง SET50 - TDEX (ตัวแทนตลาด) (Yahoo Finance)
2021-05-19,9.289999961853027,TDEX.BK ETF อ้างอิง SET50 - TDEX (ตัวแทนตลาด) (Yahoo Finance)
2021-05-20,9.260000228881836,TDEX.BK ETF อ้างอิง SET50 - TDEX (ตัวแทนตลาด) (Yahoo Finance)
2021-05-21,9.260000228881836,TDEX.BK ETF อ้างอิง SET50 - TDEX (ตัวแทนตลาด) (Yahoo Finance)
2021-05-24,9.25,TDEX.BK ETF อ้างอิง SET50 - TDEX (ตัวแทนตลาด) (Yahoo Finance)
2021-05-25,9.329999923706056,TDEX.BK ETF อ้างอิง SET50 - TDEX (ตัวแทนตลาด) (Yahoo Finance)
2021-05-27,9.40999984741211,TDEX.BK ETF อ้างอิง SET50 - TDEX (ตัวแทนตลาด) (Yahoo Finance)
2021-05-28,9.420000076293944,TDEX.BK ETF อ้างอิง SET50 - TDEX (ตัวแทนตลาด) (Yahoo Finance)
2021-05-31,9.460000038146973,TDEX.BK ETF อ้างอิง SET50 - TDEX (ตัวแทนตลาด) (Yahoo Finance)
2021-06-01,9.649999618530272,TDEX.BK ETF อ้างอิง SET50 - TDEX (ตัวแทนตลาด) (Yahoo Finance)
2021-06-02,9.640000343322754,TDEX.BK ETF อ้างอิง SET50 - TDEX (ตัวแทนตลาด) (Yahoo Finance)
2021-06-04,9.600000381469728,TDEX.BK ETF อ้างอิง SET50 - TDEX (ตัวแทนตลาด) (Yahoo Finance)
2021-06-07,9.5600004196167,TDEX.BK ETF อ้างอิง SET50 - TDEX (ตัวแทนตลาด) (Yahoo Finance)
2021-06-08,9.579999923706056,TDEX.BK ETF อ้างอิง SET50 - TDEX (ตัวแทนตลาด) (Yahoo Finance)
2021-06-09,9.649999618530272,TDEX.BK ETF อ้างอิง SET50 - TDEX (ตัวแทนตลาด) (Yahoo Finance)
2021-06-10,9.649999618530272,TDEX.BK ETF อ้างอิง SET50 - TDEX (ตัวแทนตลาด) (Yahoo Finance)
2021-06-11,9.720000267028809,TDEX.BK ETF อ้างอิง SET50 - TDEX (ตัวแทนตลาด) (Yahoo Finance)
2021-06-14,9.710000038146973,TDEX.BK ETF อ้างอิง SET50 - TDEX (ตัวแทนตลาด) (Yahoo Finance)
2021-06-15,9.640000343322754,TDEX.BK ETF อ้างอิง SET50 - TDEX (ตัวแทนตลาด) (Yahoo Finance)
2021-06-16,9.630000114440918,TDEX.BK ETF อ้างอิง SET50 - TDEX (ตัวแทนตลาด) (Yahoo Finance)
2021-06-17,9.59000015258789,TDEX.BK ETF อ้างอิง SET50 - TDEX (ตัวแทนตลาด) (Yahoo Finance)
2021-06-18,9.579999923706056,TDEX.BK ETF อ้างอิง SET50 - TDEX (ตัวแทนตลาด) (Yahoo Finance)
2021-06-21,9.5,TDEX.BK ETF อ้างอิง SET50 - TDEX (ตัวแทนตลาด) (Yahoo Finance)
2021-06-22,9.520000457763672,TDEX.BK ETF อ้างอิง SET50 - TDEX (ตัวแทนตลาด) (Yahoo Finance)
2021-06-23,9.460000038146973,TDEX.BK ETF อ้างอิง SET50 - TDEX (ตัวแทนตลาด) (Yahoo Finance)
2021-06-24,9.43000030517578,TDEX.BK ETF อ้างอิง SET50 - TDEX (ตัวแทนตลาด) (Yahoo Finance)
2021-06-25,9.4399995803833,TDEX.BK ETF อ้างอิง SET50 - TDEX (ตัวแทนตลาด) (Yahoo Finance)
2021-06-28,9.390000343322754,TDEX.BK ETF อ้างอิง SET50 - TDEX (ตัวแทนตลาด) (Yahoo Finance)
2021-06-29,9.449999809265137,TDEX.BK ETF อ้างอิง SET50 - TDEX (ตัวแทนตลาด) (Yahoo Finance)
2021-06-30,9.399999618530272,TDEX.BK ETF อ้างอิง SET50 - TDEX (ตัวแทนตลาด) (Yahoo Finance)
2021-07-01,9.4399995803833,TDEX.BK ETF อ้างอิง SET50 - TDEX (ตัวแทนตลาด) (Yahoo Finance)
2021-07-02,9.350000381469728,TDEX.BK ETF อ้างอิง SET50 - TDEX (ตัวแทนตลาด) (Yahoo Finance)
2021-07-05,9.359999656677246,TDEX.BK ETF อ้างอิง SET50 - TDEX (ตัวแทนตลาด) (Yahoo Finance)
2021-07-06,9.399999618530272,TDEX.BK ETF อ้างอิง SET50 - TDEX (ตัวแทนตลาด) (Yahoo Finance)
2021-07-07,9.359999656677246,TDEX.BK ETF อ้างอิง SET50 - TDEX (ตัวแทนตลาด) (Yahoo Finance)
2021-07-08,9.220000267028809,TDEX.BK ETF อ้างอิง SET50 - TDEX (ตัวแทนตลาด) (Yahoo Finance)
2021-07-09,9.239999771118164,TDEX.BK ETF อ้างอิง SET50 - TDEX (ตัวแทนตลาด) (Yahoo Finance)
2021-07-12,9.1899995803833,TDEX.BK ETF อ้างอิง SET50 - TDEX (ตัวแทนตลาด) (Yahoo Finance)
2021-07-13,9.300000190734863,TDEX.BK ETF อ้างอิง SET50 - TDEX (ตัวแทนตลาด) (Yahoo Finance)
2021-07-14,9.289999961853027,TDEX.BK ETF อ้างอิง SET50 - TDEX (ตัวแทนตลาด) (Yahoo Finance)
2021-07-15,9.300000190734863,TDEX.BK ETF อ้างอิง SET50 - TDEX (ตัวแทนตลาด) (Yahoo Finance)
2021-07-16,9.300000190734863,TDEX.BK ETF อ้างอิง SET50 - TDEX (ตัวแทนตลาด) (Yahoo Finance)
2021-07-19,9.18000030517578,TDEX.BK ETF อ้างอิง SET50 - TDEX (ตัวแทนตลาด) (Yahoo Finance)
2021-07-20,9.079999923706056,TDEX.BK ETF อ้างอิง SET50 - TDEX (ตัวแทนตลาด) (Yahoo Finance)
2021-07-21,9.109999656677246,TDEX.BK ETF อ้างอิง SET50 - TDEX (ตัวแทนตลาด) (Yahoo Finance)
2021-07-22,9.130000114440918,TDEX.BK ETF อ้างอิง SET50 - TDEX (ตัวแทนตลาด) (Yahoo Finance)
2021-07-23,9.100000381469728,TDEX.BK ETF อ้างอิง SET50 - TDEX (ตัวแทนตลาด) (Yahoo Finance)
2021-07-27,9.0600004196167,TDEX.BK ETF อ้างอิง SET50 - TDEX (ตัวแทนตลาด) (Yahoo Finance)
2021-07-29,9.0600004196167,TDEX.BK ETF อ้างอิง SET50 - TDEX (ตัวแทนตลาด) (Yahoo Finance)
2021-07-30,9.010000228881836,TDEX.BK ETF อ้างอิง SET50 - TDEX (ตัวแทนตลาด) (Yahoo Finance)
2021-08-02,9.020000457763672,TDEX.BK ETF อ้างอิง SET50 - TDEX (ตัวแทนตลาด) (Yahoo Finance)
2021-08-03,9.0600004196167,TDEX.BK ETF อ้างอิง SET50 - TDEX (ตัวแทนตลาด) (Yahoo Finance)
2021-08-04,9.119999885559082,TDEX.BK ETF อ้างอิง SET50 - TDEX (ตัวแทนตลาด) (Yahoo Finance)
2021-08-05,9.039999961853027,TDEX.BK ETF อ้างอิง SET50 - TDEX (ตัวแทนตลาด) (Yahoo Finance)
2021-08-06,8.989999771118164,TDEX.BK ETF อ้างอิง SET50 - TDEX (ตัวแทนตลาด) (Yahoo Finance)
2021-08-09,9.06999969482422,TDEX.BK ETF อ้างอิง SET50 - TDEX (ตัวแทนตลาด) (Yahoo Finance)
2021-08-10,9.09000015258789,TDEX.BK ETF อ้างอิง SET50 - TDEX (ตัวแทนตลาด) (Yahoo Finance)
2021-08-11,9.0600004196167,TDEX.BK ETF อ้างอิง SET50 - TDEX (ตัวแทนตลาด) (Yahoo Finance)
2021-08-13,9.06999969482422,TDEX.BK ETF อ้างอิง SET50 - TDEX (ตัวแทนตลาด) (Yahoo Finance)
2021-08-16,9.100000381469728,TDEX.BK ETF อ้างอิง SET50 - TDEX (ตัวแทนตลาด) (Yahoo Finance)
2021-08-17,9.15999984741211,TDEX.BK ETF อ้างอิง SET50 - TDEX (ตัวแทนตลาด) (Yahoo Finance)
2021-08-18,9.199999809265137,TDEX.BK ETF อ้างอิง SET50 - TDEX (ตัวแทนตลาด) (Yahoo Finance)
2021-08-19,9.170000076293944,TDEX.BK ETF อ้างอิง SET50 - TDEX (ตัวแทนตลาด) (Yahoo Finance)
2021-08-20,9.199999809265137,TDEX.BK ETF อ้างอิง SET50 - TDEX (ตัวแทนตลาด) (Yahoo Finance)
2021-08-23,9.40999984741211,TDEX.BK ETF อ้างอิง SET50 - TDEX (ตัวแทนตลาด) (Yahoo Finance)
2021-08-24,9.4399995803833,TDEX.BK ETF อ้างอิง SET50 - TDEX (ตัวแทนตลาด) (Yahoo Finance)
2021-08-25,9.510000228881836,TDEX.BK ETF อ้างอิง SET50 - TDEX (ตัวแทนตลาด) (Yahoo Finance)
2021-08-26,9.510000228881836,TDEX.BK ETF อ้างอิง SET50 - TDEX (ตัวแทนตลาด) (Yahoo Finance)
2021-08-27,9.600000381469728,TDEX.BK ETF อ้างอิง SET50 - TDEX (ตัวแทนตลาด) (Yahoo Finance)
2021-08-30,9.729999542236328,TDEX.BK ETF อ้างอิง SET50 - TDEX (ตัวแทนตลาด) (Yahoo Finance)
2021-08-31,9.789999961853027,TDEX.BK ETF อ้างอิง SET50 - TDEX (ตัวแทนตลาด) (Yahoo Finance)
2021-09-01,9.75,TDEX.BK ETF อ้างอิง SET50 - TDEX (ตัวแทนตลาด) (Yahoo Finance)
2021-09-02,9.850000381469728,TDEX.BK ETF อ้างอิง SET50 - TDEX (ตัวแทนตลาด) (Yahoo Finance)
2021-09-03,9.859999656677246,TDEX.BK ETF อ้างอิง SET50 - TDEX (ตัวแทนตลาด) (Yahoo Finance)
2021-09-06,9.869999885559082,TDEX.BK ETF อ้างอิง SET50 - TDEX (ตัวแทนตลาด) (Yahoo Finance)
2021-09-07,9.800000190734863,TDEX.BK ETF อ้างอิง SET50 - TDEX (ตัวแทนตลาด) (Yahoo Finance)
2021-09-08,9.760000228881836,TDEX.BK ETF อ้างอิง SET50 - TDEX (ตัวแทนตลาด) (Yahoo Finance)
2021-09-09,9.720000267028809,TDEX.BK ETF อ้างอิง SET50 - TDEX (ตัวแทนตลาด) (Yahoo Finance)
2021-09-10,9.770000457763672,TDEX.BK ETF อ้างอิง SET50 - TDEX (ตัวแทนตลาด) (Yahoo Finance)
2021-09-13,9.720000267028809,TDEX.BK ETF อ้างอิง SET50 - TDEX (ตัวแทนตลาด) (Yahoo Finance)
2021-09-14,9.670000076293944,TDEX.BK ETF อ้างอิง SET50 - TDEX (ตัวแทนตลาด) (Yahoo Finance)
2021-09-15,9.68000030517578,TDEX.BK ETF อ้างอิง SET50 - TDEX (ตัวแทนตลาด) (Yahoo Finance)
2021-09-16,9.699999809265137,TDEX.BK ETF อ้างอิง SET50 - TDEX (ตัวแทนตลาด) (Yahoo Finance)
2021-09-17,9.619999885559082,TDEX.BK ETF อ้างอิง SET50 - TDEX (ตัวแทนตลาด) (Yahoo Finance)
2021-09-20,9.539999961853027,TDEX.BK ETF อ้างอิง SET50 - TDEX (ตัวแทนตลาด) (Yahoo Finance)
2021-09-21,9.59000015258789,TDEX.BK ETF อ้างอิง SET50 - TDEX (ตัวแทนตลาด) (Yahoo Finance)
2021-09-22,9.59000015258789,TDEX.BK ETF อ้างอิง SET50 - TDEX (ตัวแทนตลาด) (Yahoo Finance)
2021-09-23,9.699999809265137,TDEX.BK ETF อ้างอิง SET50 - TDEX (ตัวแทนตลาด) (Yahoo Finance)
2021-09-27,9.68000030517578,TDEX.BK ETF อ้างอิง SET50 - TDEX (ตัวแทนตลาด) (Yahoo Finance)
2021-09-28,9.649999618530272,TDEX.BK ETF อ้างอิง SET50 - TDEX (ตัวแทนตลาด) (Yahoo Finance)
2021-09-29,9.649999618530272,TDEX.BK ETF อ้างอิง SET50 - TDEX (ตัวแทนตลาด) (Yahoo Finance)
2021-09-30,9.59000015258789,TDEX.BK ETF อ้างอิง SET50 - TDEX (ตัวแทนตลาด) (Yahoo Finance)
2021-10-01,9.56999969482422,TDEX.BK ETF อ้างอิง SET50 - TDEX (ตัวแทนตลาด) (Yahoo Finance)
2021-10-04,9.649999618530272,TDEX.BK ETF อ้างอิง SET50 - TDEX (ตัวแทนตลาด) (Yahoo Finance)
2021-10-05,9.68000030517578,TDEX.BK ETF อ้างอิง SET50 - TDEX (ตัวแทนตลาด) (Yahoo Finance)
2021-10-06,9.630000114440918,TDEX.BK ETF อ้างอิง SET50 - TDEX (ตัวแทนตลาด) (Yahoo Finance)
2021-10-07,9.710000038146973,TDEX.BK ETF อ้างอิง SET50 - TDEX (ตัวแทนตลาด) (Yahoo Finance)
2021-10-08,9.739999771118164,TDEX.BK ETF อ้างอิง SET50 - TDEX (ตัวแทนตลาด) (Yahoo Finance)
2021-10-11,9.729999542236328,TDEX.BK ETF อ้างอิง SET50 - TDEX (ตัวแทนตลาด) (Yahoo Finance)
2021-10-12,9.779999732971191,TDEX.BK ETF อ้างอิง SET50 - TDEX (ตัวแทนตลาด) (Yahoo Finance)
2021-10-14,9.779999732971191,TDEX.BK ETF อ้างอิง SET50 - TDEX (ตัวแทนตลาด) (Yahoo Finance)
2021-10-15,9.770000457763672,TDEX.BK ETF อ้างอิง SET50 - TDEX (ตัวแทนตลาด) (Yahoo Finance)
2021-10-18,9.8100004196167,TDEX.BK ETF อ้างอิง SET50 - TDEX (ตัวแทนตลาด) (Yahoo Finance)
2021-10-19,9.739999771118164,TDEX.BK ETF อ้างอิง SET50 - TDEX (ตัวแทนตลาด) (Yahoo Finance)
2021-10-20,9.779999732971191,TDEX.BK ETF อ้างอิง SET50 - TDEX (ตัวแทนตลาด) (Yahoo Finance)
2021-10-21,9.789999961853027,TDEX.BK ETF อ้างอิง SET50 - TDEX (ตัวแทนตลาด) (Yahoo Finance)
2021-10-25,9.739999771118164,TDEX.BK ETF อ้างอิง SET50 - TDEX (ตัวแทนตลาด) (Yahoo Finance)
2021-10-26,9.760000228881836,TDEX.BK ETF อ้างอิง SET50 - TDEX (ตัวแทนตลาด) (Yahoo Finance)
2021-10-27,9.720000267028809,TDEX.BK ETF อ้างอิง SET50 - TDEX (ตัวแทนตลาด) (Yahoo Finance)
2021-10-28,9.710000038146973,TDEX.BK ETF อ้างอิง SET50 - TDEX (ตัวแทนตลาด) (Yahoo Finance)
2021-10-29,9.699999809265137,TDEX.BK ETF อ้างอิง SET50 - TDEX (ตัวแทนตลาด) (Yahoo Finance)
2021-11-01,9.649999618530272,TDEX.BK ETF อ้างอิง SET50 - TDEX (ตัวแทนตลาด) (Yahoo Finance)
2021-11-02,9.65999984741211,TDEX.BK ETF อ้างอิง SET50 - TDEX (ตัวแทนตลาด) (Yahoo Finance)
2021-11-03,9.65999984741211,TDEX.BK ETF อ้างอิง SET50 - TDEX (ตัวแทนตลาด) (Yahoo Finance)
2021-11-04,9.720000267028809,TDEX.BK ETF อ้างอิง SET50 - TDEX (ตัวแทนตลาด) (Yahoo Finance)
2021-11-05,9.729999542236328,TDEX.BK ETF อ้างอิง SET50 - TDEX (ตัวแทนตลาด) (Yahoo Finance)
2021-11-08,9.729999542236328,TDEX.BK ETF อ้างอิง SET50 - TDEX (ตัวแทนตลาด) (Yahoo Finance)
2021-11-09,9.75,TDEX.BK ETF อ้างอิง SET50 - TDEX (ตัวแทนตลาด) (Yahoo Finance)
2021-11-10,9.729999542236328,TDEX.BK ETF อ้างอิง SET50 - TDEX (ตัวแทนตลาด) (Yahoo Finance)
2021-11-11,9.699999809265137,TDEX.BK ETF อ้างอิง SET50 - TDEX (ตัวแทนตลาด) (Yahoo Finance)
2021-11-12,9.710000038146973,TDEX.BK ETF อ้างอิง SET50 - TDEX (ตัวแทนตลาด) (Yahoo Finance)
2021-11-15,9.760000228881836,TDEX.BK ETF อ้างอิง SET50 - TDEX (ตัวแทนตลาด) (Yahoo Finance)
2021-11-16,9.760000228881836,TDEX.BK ETF อ้างอิง SET50 - TDEX (ตัวแทนตลาด) (Yahoo Finance)
2021-11-17,9.770000457763672,TDEX.BK ETF อ้างอิง SET50 - TDEX (ตัวแทนตลาด) (Yahoo Finance)
2021-11-18,9.789999961853027,TDEX.BK ETF อ้างอิง SET50 - TDEX (ตัวแทนตลาด) (Yahoo Finance)
2021-11-19,9.789999961853027,TDEX.BK ETF อ้างอิง SET50 - TDEX (ตัวแทนตลาด) (Yahoo Finance)
2021-11-22,9.8100004196167,TDEX.BK ETF อ้างอิง SET50 - TDEX (ตัวแทนตลาด) (Yahoo Finance)
2021-11-23,9.779999732971191,TDEX.BK ETF อ้างอิง SET50 - TDEX (ตัวแทนตลาด) (Yahoo Finance)
2021-11-24,9.829999923706056,TDEX.BK ETF อ้างอิง SET50 - TDEX (ตัวแทนตลาด) (Yahoo Finance)
2021-11-25,9.779999732971191,TDEX.BK ETF อ้างอิง SET50 - TDEX (ตัวแทนตลาด) (Yahoo Finance)
2021-11-26,9.579999923706056,TDEX.BK ETF อ้างอิง SET50 - TDEX (ตัวแทนตลาด) (Yahoo Finance)
2021-11-29,9.449999809265137,TDEX.BK ETF อ้างอิง SET50 - TDEX (ตัวแทนตลาด) (Yahoo Finance)
2021-11-30,9.31999969482422,TDEX.BK ETF อ้างอิง SET50 - TDEX (ตัวแทนตลาด) (Yahoo Finance)
2021-12-01,9.43000030517578,TDEX.BK ETF อ้างอิง SET50 - TDEX (ตัวแทนตลาด) (Yahoo Finance)
2021-12-02,9.420000076293944,TDEX.BK ETF อ้างอิง SET50 - TDEX (ตัวแทนตลาด) (Yahoo Finance)
2021-12-03,9.420000076293944,TDEX.BK ETF อ้างอิง SET50 - TDEX (ตัวแทนตลาด) (Yahoo Finance)
2021-12-07,9.5,TDEX.BK ETF อ้างอิง SET50 - TDEX (ตัวแทนตลาด) (Yahoo Finance)
2021-12-08,9.56999969482422,TDEX.BK ETF อ้างอิง SET50 - TDEX (ตัวแทนตลาด) (Yahoo Finance)
2021-12-09,9.550000190734863,TDEX.BK ETF อ้างอิง SET50 - TDEX (ตัวแทนตลาด) (Yahoo Finance)
2021-12-13,9.56999969482422,TDEX.BK ETF อ้างอิง SET50 - TDEX (ตัวแทนตลาด) (Yahoo Finance)
2021-12-14,9.579999923706056,TDEX.BK ETF อ้างอิง SET50 - TDEX (ตัวแทนตลาด) (Yahoo Finance)
2021-12-15,9.579999923706056,TDEX.BK ETF อ้างอิง SET50 - TDEX (ตัวแทนตลาด) (Yahoo Finance)
2021-12-16,9.710000038146973,TDEX.BK ETF อ้างอิง SET50 - TDEX (ตัวแทนตลาด) (Yahoo Finance)
2021-12-17,9.68000030517578,TDEX.BK ETF อ้างอิง SET50 - TDEX (ตัวแทนตลาด) (Yahoo Finance)
2021-12-20,9.529999732971191,TDEX.BK ETF อ้างอิง SET50 - TDEX (ตัวแทนตลาด) (Yahoo Finance)
2021-12-21,9.539999961853027,TDEX.BK ETF อ้างอิง SET50 - TDEX (ตัวแทนตลาด) (Yahoo Finance)
2021-12-22,9.609999656677246,TDEX.BK ETF อ้างอิง SET50 - TDEX (ตัวแทนตลาด) (Yahoo Finance)
2021-12-23,9.670000076293944,TDEX.BK ETF อ้างอิง SET50 - TDEX (ตัวแทนตลาด) (Yahoo Finance)
2021-12-24,9.65999984741211,TDEX.BK ETF อ้างอิง SET50 - TDEX (ตัวแทนตลาด) (Yahoo Finance)
2021-12-27,9.649999618530272,TDEX.BK ETF อ้างอิง SET50 - TDEX (ตัวแทนตลาด) (Yahoo Finance)
2021-12-28,9.710000038146973,TDEX.BK ETF อ้างอิง SET50 - TDEX (ตัวแทนตลาด) (Yahoo Finance)
2021-12-29,9.779999732971191,TDEX.BK ETF อ้างอิง SET50 - TDEX (ตัวแทนตลาด) (Yahoo Finance)
2021-12-30,9.770000457763672,TDEX.BK ETF อ้างอิง SET50 - TDEX (ตัวแทนตลาด) (Yahoo Finance)
2022-01-04,9.859999656677246,TDEX.BK ETF อ้างอิง SET50 - TDEX (ตัวแทนตลาด) (Yahoo Finance)
2022-01-05,9.880000114440918,TDEX.BK ETF อ้างอิง SET50 - TDEX (ตัวแทนตลาด) (Yahoo Finance)
2022-01-06,9.739999771118164,TDEX.BK ETF อ้างอิง SET50 - TDEX (ตัวแทนตลาด) (Yahoo Finance)
2022-01-07,9.75,TDEX.BK ETF อ้างอิง SET50 - TDEX (ตัวแทนตลาด) (Yahoo Finance)
2022-01-10,9.720000267028809,TDEX.BK ETF อ้างอิง SET50 - TDEX (ตัวแทนตลาด) (Yahoo Finance)
2022-01-11,9.770000457763672,TDEX.BK ETF อ้างอิง SET50 - TDEX (ตัวแทนตลาด) (Yahoo Finance)
2022-01-12,9.859999656677246,TDEX.BK ETF อ้างอิง SET50 - TDEX (ตัวแทนตลาด) (Yahoo Finance)
2022-01-13,9.84000015258789,TDEX.BK ETF อ้างอิง SET50 - TDEX (ตัวแทนตลาด) (Yahoo Finance)
2022-01-14,9.800000190734863,TDEX.BK ETF อ้างอิง SET50 - TDEX (ตัวแทนตลาด) (Yahoo Finance)
2022-01-17,9.84000015258789,TDEX.BK ETF อ้างอิง SET50 - TDEX (ตัวแทนตลาด) (Yahoo Finance)
2022-01-18,9.779999732971191,TDEX.BK ETF อ้างอิง SET50 - TDEX (ตัวแทนตลาด) (Yahoo Finance)
2022-01-19,9.800000190734863,TDEX.BK ETF อ้างอิง SET50 - TDEX (ตัวแทนตลาด) (Yahoo Finance)
2022-01-20,9.8100004196167,TDEX.BK ETF อ้างอิง SET50 - TDEX (ตัวแทนตลาด) (Yahoo Finance)
2022-01-21,9.789999961853027,TDEX.BK ETF อ้างอิง SET50 - TDEX (ตัวแทนตลาด) (Yahoo Finance)
2022-01-24,9.760000228881836,TDEX.BK ETF อ้างอิง SET50 - TDEX (ตัวแทนตลาด) (Yahoo Finance)
2022-01-25,9.75,TDEX.BK ETF อ้างอิง SET50 - TDEX (ตัวแทนตลาด) (Yahoo Finance)
2022-01-26,9.850000381469728,TDEX.BK ETF อ้างอิง SET50 - TDEX (ตัวแทนตลาด) (Yahoo Finance)
2022-01-27,9.760000228881836,TDEX.BK ETF อ้างอิง SET50 - TDEX (ตัวแทนตลาด) (Yahoo Finance)
2022-01-28,9.5,TDEX.BK ETF อ้างอิง SET50 - TDEX (ตัวแทนตลาด) (Yahoo Finance)
2022-01-31,9.550000190734863,TDEX.BK ETF อ้างอิง SET50 - TDEX (ตัวแทนตลาด) (Yahoo Finance)
2022-02-01,9.600000381469728,TDEX.BK ETF อ้างอิง SET50 - TDEX (ตัวแทนตลาด) (Yahoo Finance)
2022-02-02,9.59000015258789,TDEX.BK ETF อ้างอิง SET50 - TDEX (ตัวแทนตลาด) (Yahoo Finance)
2022-02-03,9.59000015258789,TDEX.BK ETF อ้างอิง SET50 - TDEX (ตัวแทนตลาด) (Yahoo Finance)
2022-02-04,9.640000343322754,TDEX.BK ETF อ้างอิง SET50 - TDEX (ตัวแทนตลาด) (Yahoo Finance)
2022-02-07,9.649999618530272,TDEX.BK ETF อ้างอิง SET50 - TDEX (ตัวแทนตลาด) (Yahoo Finance)
2022-02-08,9.670000076293944,TDEX.BK ETF อ้างอิง SET50 - TDEX (ตัวแทนตลาด) (Yahoo Finance)
2022-02-09,9.829999923706056,TDEX.BK ETF อ้างอิง SET50 - TDEX (ตัวแทนตลาด) (Yahoo Finance)
2022-02-10,9.829999923706056,TDEX.BK ETF อ้างอิง SET50 - TDEX (ตัวแทนตลาด) (Yahoo Finance)
2022-02-11,9.81999969482422,TDEX.BK ETF อ้างอิง SET50 - TDEX (ตัวแทนตลาด) (Yahoo Finance)
2022-02-14,9.800000190734863,TDEX.BK ETF อ้างอิง SET50 - TDEX (ตัวแทนตลาด) (Yahoo Finance)
2022-02-15,9.850000381469728,TDEX.BK ETF อ้างอิง SET50 - TDEX (ตัวแทนตลาด) (Yahoo Finance)
2022-02-17,9.93000030517578,TDEX.BK ETF อ้างอิง SET50 - TDEX (ตัวแทนตลาด) (Yahoo Finance)
2022-02-18,9.949999809265137,TDEX.BK ETF อ้างอิง SET50 - TDEX (ตัวแทนตลาด) (Yahoo Finance)
2022-02-21,9.829999923706056,TDEX.BK ETF อ้างอิง SET50 - TDEX (ตัวแทนตลาด) (Yahoo Finance)
2022-02-22,9.760000228881836,TDEX.BK ETF อ้างอิง SET50 - TDEX (ตัวแทนตลาด) (Yahoo Finance)
2022-02-23,9.81999969482422,TDEX.BK ETF อ้างอิง SET50 - TDEX (ตัวแทนตลาด) (Yahoo Finance)
2022-02-24,9.6899995803833,TDEX.BK ETF อ้างอิง SET50 - TDEX (ตัวแทนตลาด) (Yahoo Finance)
2022-02-25,9.729999542236328,TDEX.BK ETF อ้างอิง SET50 - TDEX (ตัวแทนตลาด) (Yahoo Finance)
2022-02-28,9.789999961853027,TDEX.BK ETF อ้างอิง SET50 - TDEX (ตัวแทนตลาด) (Yahoo Finance)
2022-03-01,9.81999969482422,TDEX.BK ETF อ้างอิง SET50 - TDEX (ตัวแทนตลาด) (Yahoo Finance)
2022-03-02,9.84000015258789,TDEX.BK ETF อ้างอิง SET50 - TDEX (ตัวแทนตลาด) (Yahoo Finance)
2022-03-03,9.880000114440918,TDEX.BK ETF อ้างอิง SET50 - TDEX (ตัวแทนตลาด) (Yahoo Finance)
2022-03-04,9.789999961853027,TDEX.BK ETF อ้างอิง SET50 - TDEX (ตัวแทนตลาด) (Yahoo Finance)
2022-03-07,9.600000381469728,TDEX.BK ETF อ้างอิง SET50 - TDEX (ตัวแทนตลาด) (Yahoo Finance)
2022-03-08,9.550000190734863,TDEX.BK ETF อ้างอิง SET50 - TDEX (ตัวแทนตลาด) (Yahoo Finance)
2022-03-09,9.609999656677246,TDEX.BK ETF อ้างอิง SET50 - TDEX (ตัวแทนตลาด) (Yahoo Finance)
2022-03-10,9.619999885559082,TDEX.BK ETF อ้างอิง SET50 - TDEX (ตัวแทนตลาด) (Yahoo Finance)
2022-03-11,9.6899995803833,TDEX.BK ETF อ้างอิง SET50 - TDEX (ตัวแทนตลาด) (Yahoo Finance)
2022-03-14,9.710000038146973,TDEX.BK ETF อ้างอิง SET50 - TDEX (ตัวแทนตลาด) (Yahoo Finance)
2022-03-15,9.68000030517578,TDEX.BK ETF อ้างอิง SET50 - TDEX (ตัวแทนตลาด) (Yahoo Finance)
2022-03-16,9.75,TDEX.BK ETF อ้างอิง SET50 - TDEX (ตัวแทนตลาด) (Yahoo Finance)
2022-03-17,9.84000015258789,TDEX.BK ETF อ้างอิง SET50 - TDEX (ตัวแทนตลาด) (Yahoo Finance)
2022-03-18,9.81999969482422,TDEX.BK ETF อ้างอิง SET50 - TDEX (ตัวแทนตลาด) (Yahoo Finance)
2022-03-21,9.779999732971191,TDEX.BK ETF อ้างอิง SET50 - TDEX (ตัวแทนตลาด) (Yahoo Finance)
2022-03-22,9.779999732971191,TDEX.BK ETF อ้างอิง SET50 - TDEX (ตัวแทนตลาด) (Yahoo Finance)
2022-03-23,9.75,TDEX.BK ETF อ้างอิง SET50 - TDEX (ตัวแทนตลาด) (Yahoo Finance)
2022-03-24,9.779999732971191,TDEX.BK ETF อ้างอิง SET50 - TDEX (ตัวแทนตลาด) (Yahoo Finance)
2022-03-25,9.720000267028809,TDEX.BK ETF อ้างอิง SET50 - TDEX (ตัวแทนตลาด) (Yahoo Finance)
2022-03-28,9.779999732971191,TDEX.BK ETF อ้างอิง SET50 - TDEX (ตัวแทนตลาด) (Yahoo Finance)
2022-03-29,9.779999732971191,TDEX.BK ETF อ้างอิง SET50 - TDEX (ตัวแทนตลาด) (Yahoo Finance)
2022-03-30,9.850000381469728,TDEX.BK ETF อ้างอิง SET50 - TDEX (ตัวแทนตลาด) (Yahoo Finance)
2022-03-31,9.84000015258789,TDEX.BK ETF อ้างอิง SET50 - TDEX (ตัวแทนตลาด) (Yahoo Finance)
2022-04-01,9.850000381469728,TDEX.BK ETF อ้างอิง SET50 - TDEX (ตัวแทนตลาด) (Yahoo Finance)
2022-04-04,9.859999656677246,TDEX.BK ETF อ้างอิง SET50 - TDEX (ตัวแทนตลาด) (Yahoo Finance)
2022-04-05,9.859999656677246,TDEX.BK ETF อ้างอิง SET50 - TDEX (ตัวแทนตลาด) (Yahoo Finance)
2022-04-07,9.75,TDEX.BK ETF อ้างอิง SET50 - TDEX (ตัวแทนตลาด) (Yahoo Finance)
2022-04-08,9.770000457763672,TDEX.BK ETF อ้างอิง SET50 - TDEX (ตัวแทนตลาด) (Yahoo Finance)
2022-04-11,9.699999809265137,TDEX.BK ETF อ้างอิง SET50 - TDEX (ตัวแทนตลาด) (Yahoo Finance)
2022-04-12,9.68000030517578,TDEX.BK ETF อ้างอิง SET50 - TDEX (ตัวแทนตลาด) (Yahoo Finance)
2022-04-18,9.68000030517578,TDEX.BK ETF อ้างอิง SET50 - TDEX (ตัวแทนตลาด) (Yahoo Finance)
2022-04-19,9.699999809265137,TDEX.BK ETF อ้างอิง SET50 - TDEX (ตัวแทนตลาด) (Yahoo Finance)
2022-04-20,9.710000038146973,TDEX.BK ETF อ้างอิง SET50 - TDEX (ตัวแทนตลาด) (Yahoo Finance)
2022-04-21,9.739999771118164,TDEX.BK ETF อ้างอิง SET50 - TDEX (ตัวแทนตลาด) (Yahoo Finance)
2022-04-22,9.699999809265137,TDEX.BK ETF อ้างอิง SET50 - TDEX (ตัวแทนตลาด) (Yahoo Finance)
2022-04-25,9.649999618530272,TDEX.BK ETF อ้างอิง SET50 - TDEX (ตัวแทนตลาด) (Yahoo Finance)
2022-04-26,9.670000076293944,TDEX.BK ETF อ้างอิง SET50 - TDEX (ตัวแทนตลาด) (Yahoo Finance)
2022-04-27,9.56999969482422,TDEX.BK ETF อ้างอิง SET50 - TDEX (ตัวแทนตลาด) (Yahoo Finance)
2022-04-28,9.640000343322754,TDEX.BK ETF อ้างอิง SET50 - TDEX (ตัวแทนตลาด) (Yahoo Finance)
2022-04-29,9.65999984741211,TDEX.BK ETF อ้างอิง SET50 - TDEX (ตัวแทนตลาด) (Yahoo Finance)
2022-05-03,9.649999618530272,TDEX.BK ETF อ้างอิง SET50 - TDEX (ตัวแทนตลาด) (Yahoo Finance)
2022-05-05,9.649999618530272,TDEX.BK ETF อ้างอิง SET50 - TDEX (ตัวแทนตลาด) (Yahoo Finance)
2022-05-06,9.539999961853027,TDEX.BK ETF อ้างอิง SET50 - TDEX (ตัวแทนตลาด) (Yahoo Finance)
2022-05-09,9.4399995803833,TDEX.BK ETF อ้างอิง SET50 - TDEX (ตัวแทนตลาด) (Yahoo Finance)
2022-05-10,9.449999809265137,TDEX.BK ETF อ้างอิง SET50 - TDEX (ตัวแทนตลาด) (Yahoo Finance)
2022-05-11,9.449999809265137,TDEX.BK ETF อ้างอิง SET50 - TDEX (ตัวแทนตลาด) (Yahoo Finance)
2022-05-12,9.390000343322754,TDEX.BK ETF อ้างอิง SET50 - TDEX (ตัวแทนตลาด) (Yahoo Finance)
2022-05-13,9.390000343322754,TDEX.BK ETF อ้างอิง SET50 - TDEX (ตัวแทนตลาด) (Yahoo Finance)
2022-05-17,9.520000457763672,TDEX.BK ETF อ้างอิง SET50 - TDEX (ตัวแทนตลาด) (Yahoo Finance)
2022-05-18,9.579999923706056,TDEX.BK ETF อ้างอิง SET50 - TDEX (ตัวแทนตลาด) (Yahoo Finance)
2022-05-19,9.510000228881836,TDEX.BK ETF อ้างอิง SET50 - TDEX (ตัวแทนตลาด) (Yahoo Finance)
2022-05-20,9.600000381469728,TDEX.BK ETF อ้างอิง SET50 - TDEX (ตัวแทนตลาด) (Yahoo Finance)
2022-05-23,9.65999984741211,TDEX.BK ETF อ้างอิง SET50 - TDEX (ตัวแทนตลาด) (Yahoo Finance)
2022-05-24,9.65999984741211,TDEX.BK ETF อ้างอิง SET50 - TDEX (ตัวแทนตลาด) (Yahoo Finance)
2022-05-25,9.65999984741211,TDEX.BK ETF อ้างอิง SET50 - TDEX (ตัวแทนตลาด) (Yahoo Finance)
2022-05-26,9.649999618530272,TDEX.BK ETF อ้างอิง SET50 - TDEX (ตัวแทนตลาด) (Yahoo Finance)
2022-05-27,9.6899995803833,TDEX.BK ETF อ้างอิง SET50 - TDEX (ตัวแทนตลาด) (Yahoo Finance)
2022-05-30,9.779999732971191,TDEX.BK ETF อ้างอิง SET50 - TDEX (ตัวแทนตลาด) (Yahoo Finance)
2022-05-31,9.800000190734863,TDEX.BK ETF อ้างอิง SET50 - TDEX (ตัวแทนตลาด) (Yahoo Finance)
2022-06-01,9.81999969482422,TDEX.BK ETF อ้างอิง SET50 - TDEX (ตัวแทนตลาด) (Yahoo Finance)
2022-06-02,9.789999961853027,TDEX.BK ETF อ้างอิง SET50 - TDEX (ตัวแทนตลาด) (Yahoo Finance)
2022-06-06,9.779999732971191,TDEX.BK ETF อ้างอิง SET50 - TDEX (ตัวแทนตลาด) (Yahoo Finance)
2022-06-07,9.720000267028809,TDEX.BK ETF อ้างอิง SET50 - TDEX (ตัวแทนตลาด) (Yahoo Finance)
2022-06-08,9.720000267028809,TDEX.BK ETF อ้างอิง SET50 - TDEX (ตัวแทนตลาด) (Yahoo Finance)
2022-06-09,9.75,TDEX.BK ETF อ้างอิง SET50 - TDEX (ตัวแทนตลาด) (Yahoo Finance)
2022-06-10,9.739999771118164,TDEX.BK ETF อ้างอิง SET50 - TDEX (ตัวแทนตลาด) (Yahoo Finance)
2022-06-13,9.59000015258789,TDEX.BK ETF อ้างอิง SET50 - TDEX (ตัวแทนตลาด) (Yahoo Finance)
2022-06-14,9.5600004196167,TDEX.BK ETF อ้างอิง SET50 - TDEX (ตัวแทนตลาด) (Yahoo Finance)
2022-06-15,9.5,TDEX.BK ETF อ้างอิง SET50 - TDEX (ตัวแทนตลาด) (Yahoo Finance)
2022-06-16,9.40999984741211,TDEX.BK ETF อ้างอิง SET50 - TDEX (ตัวแทนตลาด) (Yahoo Finance)
2022-06-17,9.350000381469728,TDEX.BK ETF อ้างอิง SET50 - TDEX (ตัวแทนตลาด) (Yahoo Finance)
2022-06-20,9.329999923706056,TDEX.BK ETF อ้างอิง SET50 - TDEX (ตัวแทนตลาด) (Yahoo Finance)
2022-06-21,9.399999618530272,TDEX.BK ETF อ้างอิง SET50 - TDEX (ตัวแทนตลาด) (Yahoo Finance)
2022-06-22,9.329999923706056,TDEX.BK ETF อ้างอิง SET50 - TDEX (ตัวแทนตลาด) (Yahoo Finance)
2022-06-23,9.289999961853027,TDEX.BK ETF อ้างอิง SET50 - TDEX (ตัวแทนตลาด) (Yahoo Finance)
2022-06-24,9.350000381469728,TDEX.BK ETF อ้างอิง SET50 - TDEX (ตัวแทนตลาด) (Yahoo Finance)
2022-06-27,9.420000076293944,TDEX.BK ETF อ้างอิง SET50 - TDEX (ตัวแทนตลาด) (Yahoo Finance)
2022-06-28,9.489999771118164,TDEX.BK ETF อ้างอิง SET50 - TDEX (ตัวแทนตลาด) (Yahoo Finance)
2022-06-29,9.470000267028809,TDEX.BK ETF อ้างอิง SET50 - TDEX (ตัวแทนตลาด) (Yahoo Finance)
2022-06-30,9.369999885559082,TDEX.BK ETF อ้างอิง SET50 - TDEX (ตัวแทนตลาด) (Yahoo Finance)
2022-07-01,9.380000114440918,TDEX.BK ETF อ้างอิง SET50 - TDEX (ตัวแทนตลาด) (Yahoo Finance)
2022-07-04,9.350000381469728,TDEX.BK ETF อ้างอิง SET50 - TDEX (ตัวแทนตลาด) (Yahoo Finance)
2022-07-05,9.300000190734863,TDEX.BK ETF อ้างอิง SET50 - TDEX (ตัวแทนตลาด) (Yahoo Finance)
2022-07-06,9.289999961853027,TDEX.BK ETF อ้างอิง SET50 - TDEX (ตัวแทนตลาด) (Yahoo Finance)
2022-07-07,9.350000381469728,TDEX.BK ETF อ้างอิง SET50 - TDEX (ตัวแทนตลาด) (Yahoo Finance)
2022-07-08,9.380000114440918,TDEX.BK ETF อ้างอิง SET50 - TDEX (ตัวแทนตลาด) (Yahoo Finance)
2022-07-11,9.369999885559082,TDEX.BK ETF อ้างอิง SET50 - TDEX (ตัวแทนตลาด) (Yahoo Finance)
2022-07-12,9.34000015258789,TDEX.BK ETF อ้างอิง SET50 - TDEX (ตัวแทนตลาด) (Yahoo Finance)
2022-07-14,9.260000228881836,TDEX.BK ETF อ้างอิง SET50 - TDEX (ตัวแทนตลาด) (Yahoo Finance)
2022-07-15,9.199999809265137,TDEX.BK ETF อ้างอิง SET50 - TDEX (ตัวแทนตลาด) (Yahoo Finance)
2022-07-18,9.3100004196167,TDEX.BK ETF อ้างอิง SET50 - TDEX (ตัวแทนตลาด) (Yahoo Finance)
2022-07-19,9.229999542236328,TDEX.BK ETF อ้างอิง SET50 - TDEX (ตัวแทนตลาด) (Yahoo Finance)
2022-07-20,9.260000228881836,TDEX.BK ETF อ้างอิง SET50 - TDEX (ตัวแทนตลาด) (Yahoo Finance)
2022-07-21,9.289999961853027,TDEX.BK ETF อ้างอิง SET50 - TDEX (ตัวแทนตลาด) (Yahoo Finance)
2022-07-22,9.31999969482422,TDEX.BK ETF อ้างอิง SET50 - TDEX (ตัวแทนตลาด) (Yahoo Finance)
2022-07-25,9.380000114440918,TDEX.BK ETF อ้างอิง SET50 - TDEX (ตัวแทนตลาด) (Yahoo Finance)
2022-07-26,9.350000381469728,TDEX.BK ETF อ้างอิง SET50 - TDEX (ตัวแทนตลาด) (Yahoo Finance)
2022-07-27,9.399999618530272,TDEX.BK ETF อ้างอิง SET50 - TDEX (ตัวแทนตลาด) (Yahoo Finance)
2022-08-01,9.449999809265137,TDEX.BK ETF อ้างอิง SET50 - TDEX (ตัวแทนตลาด) (Yahoo Finance)
2022-08-02,9.470000267028809,TDEX.BK ETF อ้างอิง SET50 - TDEX (ตัวแทนตลาด) (Yahoo Finance)
2022-08-03,9.479999542236328,TDEX.BK ETF อ้างอิง SET50 - TDEX (ตัวแทนตลาด) (Yahoo Finance)
2022-08-04,9.489999771118164,TDEX.BK ETF อ้างอิง SET50 - TDEX (ตัวแทนตลาด) (Yahoo Finance)
2022-08-05,9.510000228881836,TDEX.BK ETF อ้างอิง SET50 - TDEX (ตัวแทนตลาด) (Yahoo Finance)
2022-08-08,9.550000190734863,TDEX.BK ETF อ้างอิง SET50 - TDEX (ตัวแทนตลาด) (Yahoo Finance)
2022-08-09,9.619999885559082,TDEX.BK ETF อ้างอิง SET50 - TDEX (ตัวแทนตลาด) (Yahoo Finance)
2022-08-10,9.630000114440918,TDEX.BK ETF อ้างอิง SET50 - TDEX (ตัวแทนตลาด) (Yahoo Finance)
2022-08-11,9.619999885559082,TDEX.BK ETF อ้างอิง SET50 - TDEX (ตัวแทนตลาด) (Yahoo Finance)
2022-08-15,9.710000038146973,TDEX.BK ETF อ้างอิง SET50 - TDEX (ตัวแทนตลาด) (Yahoo Finance)
2022-08-16,9.699999809265137,TDEX.BK ETF อ้างอิง SET50 - TDEX (ตัวแทนตลาด) (Yahoo Finance)
2022-08-17,9.720000267028809,TDEX.BK ETF อ้างอิง SET50 - TDEX (ตัวแทนตลาด) (Yahoo Finance)
2022-08-18,9.729999542236328,TDEX.BK ETF อ้างอิง SET50 - TDEX (ตัวแทนตลาด) (Yahoo Finance)
2022-08-19,9.6899995803833,TDEX.BK ETF อ้างอิง SET50 - TDEX (ตัวแทนตลาด) (Yahoo Finance)
2022-08-22,9.619999885559082,TDEX.BK ETF อ้างอิง SET50 - TDEX (ตัวแทนตลาด) (Yahoo Finance)
2022-08-23,9.699999809265137,TDEX.BK ETF อ้างอิง SET50 - TDEX (ตัวแทนตลาด) (Yahoo Finance)
2022-08-24,9.699999809265137,TDEX.BK ETF อ้างอิง SET50 - TDEX (ตัวแทนตลาด) (Yahoo Finance)
2022-08-25,9.789999961853027,TDEX.BK ETF อ้างอิง SET50 - TDEX (ตัวแทนตลาด) (Yahoo Finance)
2022-08-26,9.770000457763672,TDEX.BK ETF อ้างอิง SET50 - TDEX (ตัวแทนตลาด) (Yahoo Finance)
2022-08-29,9.729999542236328,TDEX.BK ETF อ้างอิง SET50 - TDEX (ตัวแทนตลาด) (Yahoo Finance)
2022-08-30,9.779999732971191,TDEX.BK ETF อ้างอิง SET50 - TDEX (ตัวแทนตลาด) (Yahoo Finance)
2022-08-31,9.800000190734863,TDEX.BK ETF อ้างอิง SET50 - TDEX (ตัวแทนตลาด) (Yahoo Finance)
2022-09-01,9.729999542236328,TDEX.BK ETF อ้างอิง SET50 - TDEX (ตัวแทนตลาด) (Yahoo Finance)
2022-09-02,9.710000038146973,TDEX.BK ETF อ้างอิง SET50 - TDEX (ตัวแทนตลาด) (Yahoo Finance)
2022-09-05,9.699999809265137,TDEX.BK ETF อ้างอิง SET50 - TDEX (ตัวแทนตลาด) (Yahoo Finance)
2022-09-06,9.760000228881836,TDEX.BK ETF อ้างอิง SET50 - TDEX (ตัวแทนตลาด) (Yahoo Finance)
2022-09-07,9.739999771118164,TDEX.BK ETF อ้างอิง SET50 - TDEX (ตัวแทนตลาด) (Yahoo Finance)
2022-09-08,9.739999771118164,TDEX.BK ETF อ้างอิง SET50 - TDEX (ตัวแทนตลาด) (Yahoo Finance)
2022-09-09,9.789999961853027,TDEX.BK ETF อ้างอิง SET50 - TDEX (ตัวแทนตลาด) (Yahoo Finance)
2022-09-12,9.84000015258789,TDEX.BK ETF อ้างอิง SET50 - TDEX (ตัวแทนตลาด) (Yahoo Finance)
2022-09-13,9.859999656677246,TDEX.BK ETF อ้างอิง SET50 - TDEX (ตัวแทนตลาด) (Yahoo Finance)
2022-09-14,9.8100004196167,TDEX.BK ETF อ้างอิง SET50 - TDEX (ตัวแทนตลาด) (Yahoo Finance)
2022-09-15,9.789999961853027,TDEX.BK ETF อ้างอิง SET50 - TDEX (ตัวแทนตลาด) (Yahoo Finance)
2022-09-16,9.720000267028809,TDEX.BK ETF อ้างอิง SET50 - TDEX (ตัวแทนตลาด) (Yahoo Finance)
2022-09-19,9.710000038146973,TDEX.BK ETF อ้างอิง SET50 - TDEX (ตัวแทนตลาด) (Yahoo Finance)
2022-09-20,9.729999542236328,TDEX.BK ETF อ้างอิง SET50 - TDEX (ตัวแทนตลาด) (Yahoo Finance)
2022-09-21,9.710000038146973,TDEX.BK ETF อ้างอิง SET50 - TDEX (ตัวแทนตลาด) (Yahoo Finance)
2022-09-22,9.779999732971191,TDEX.BK ETF อ้างอิง SET50 - TDEX (ตัวแทนตลาด) (Yahoo Finance)
2022-09-23,9.720000267028809,TDEX.BK ETF อ้างอิง SET50 - TDEX (ตัวแทนตลาด) (Yahoo Finance)
2022-09-26,9.619999885559082,TDEX.BK ETF อ้างอิง SET50 - TDEX (ตัวแทนตลาด) (Yahoo Finance)
2022-09-27,9.619999885559082,TDEX.BK ETF อ้างอิง SET50 - TDEX (ตัวแทนตลาด) (Yahoo Finance)
2022-09-28,9.56999969482422,TDEX.BK ETF อ้างอิง SET50 - TDEX (ตัวแทนตลาด) (Yahoo Finance)
2022-09-29,9.510000228881836,TDEX.BK ETF อ้างอิง SET50 - TDEX (ตัวแทนตลาด) (Yahoo Finance)
2022-09-30,9.5,TDEX.BK ETF อ้างอิง SET50 - TDEX (ตัวแทนตลาด) (Yahoo Finance)
2022-10-03,9.34000015258789,TDEX.BK ETF อ้างอิง SET50 - TDEX (ตัวแทนตลาด) (Yahoo Finance)
2022-10-04,9.390000343322754,TDEX.BK ETF อ้างอิง SET50 - TDEX (ตัวแทนตลาด) (Yahoo Finance)
2022-10-05,9.399999618530272,TDEX.BK ETF อ้างอิง SET50 - TDEX (ตัวแทนตลาด) (Yahoo Finance)
2022-10-06,9.4399995803833,TDEX.BK ETF อ้างอิง SET50 - TDEX (ตัวแทนตลาด) (Yahoo Finance)
2022-10-07,9.369999885559082,TDEX.BK ETF อ้างอิง SET50 - TDEX (ตัวแทนตลาด) (Yahoo Finance)
2022-10-10,9.329999923706056,TDEX.BK ETF อ้างอิง SET50 - TDEX (ตัวแทนตลาด) (Yahoo Finance)
2022-10-11,9.289999961853027,TDEX.BK ETF อ้างอิง SET50 - TDEX (ตัวแทนตลาด) (Yahoo Finance)
2022-10-12,9.3100004196167,TDEX.BK ETF อ้างอิง SET50 - TDEX (ตัวแทนตลาด) (Yahoo Finance)
2022-10-17,9.329999923706056,TDEX.BK ETF อ้างอิง SET50 - TDEX (ตัวแทนตลาด) (Yahoo Finance)
2022-10-18,9.460000038146973,TDEX.BK ETF อ้างอิง SET50 - TDEX (ตัวแทนตลาด) (Yahoo Finance)
2022-10-19,9.4399995803833,TDEX.BK ETF อ้างอิง SET50 - TDEX (ตัวแทนตลาด) (Yahoo Finance)
2022-10-20,9.5,TDEX.BK ETF อ้างอิง SET50 - TDEX (ตัวแทนตลาด) (Yahoo Finance)
2022-10-21,9.5,TDEX.BK ETF อ้างอิง SET50 - TDEX (ตัวแทนตลาด) (Yahoo Finance)
2022-10-25,9.550000190734863,TDEX.BK ETF อ้างอิง SET50 - TDEX (ตัวแทนตลาด) (Yahoo Finance)
2022-10-26,9.550000190734863,TDEX.BK ETF อ้างอิง SET50 - TDEX (ตัวแทนตลาด) (Yahoo Finance)
2022-10-27,9.619999885559082,TDEX.BK ETF อ้างอิง SET50 - TDEX (ตัวแทนตลาด) (Yahoo Finance)
2022-10-28,9.640000343322754,TDEX.BK ETF อ้างอิง SET50 - TDEX (ตัวแทนตลาด) (Yahoo Finance)
2022-10-31,9.65999984741211,TDEX.BK ETF อ้างอิง SET50 - TDEX (ตัวแทนตลาด) (Yahoo Finance)
2022-11-01,9.8100004196167,TDEX.BK ETF อ้างอิง SET50 - TDEX (ตัวแทนตลาด) (Yahoo Finance)
2022-11-02,9.829999923706056,TDEX.BK ETF อ้างอิง SET50 - TDEX (ตัวแทนตลาด) (Yahoo Finance)
2022-11-03,9.800000190734863,TDEX.BK ETF อ้างอิง SET50 - TDEX (ตัวแทนตลาด) (Yahoo Finance)
2022-11-04,9.800000190734863,TDEX.BK ETF อ้างอิง SET50 - TDEX (ตัวแทนตลาด) (Yahoo Finance)
2022-11-07,9.789999961853027,TDEX.BK ETF อ้างอิง SET50 - TDEX (ตัวแทนตลาด) (Yahoo Finance)
2022-11-08,9.81999969482422,TDEX.BK ETF อ้างอิง SET50 - TDEX (ตัวแทนตลาด) (Yahoo Finance)
2022-11-09,9.779999732971191,TDEX.BK ETF อ้างอิง SET50 - TDEX (ตัวแทนตลาด) (Yahoo Finance)
2022-11-10,9.770000457763672,TDEX.BK ETF อ้างอิง SET50 - TDEX (ตัวแทนตลาด) (Yahoo Finance)
2022-11-11,9.890000343322754,TDEX.BK ETF อ้างอิง SET50 - TDEX (ตัวแทนตลาด) (Yahoo Finance)
2022-11-14,9.850000381469728,TDEX.BK ETF อ้างอิง SET50 - TDEX (ตัวแทนตลาด) (Yahoo Finance)
2022-11-15,9.800000190734863,TDEX.BK ETF อ้างอิง SET50 - TDEX (ตัวแทนตลาด) (Yahoo Finance)
2022-11-16,9.779999732971191,TDEX.BK ETF อ้างอิง SET50 - TDEX (ตัวแทนตลาด) (Yahoo Finance)
2022-11-17,9.720000267028809,TDEX.BK ETF อ้างอิง SET50 - TDEX (ตัวแทนตลาด) (Yahoo Finance)
2022-11-18,9.729999542236328,TDEX.BK ETF อ้างอิง SET50 - TDEX (ตัวแทนตลาด) (Yahoo Finance)
2022-11-21,9.720000267028809,TDEX.BK ETF อ้างอิง SET50 - TDEX (ตัวแทนตลาด) (Yahoo Finance)
2022-11-22,9.729999542236328,TDEX.BK ETF อ้างอิง SET50 - TDEX (ตัวแทนตลาด) (Yahoo Finance)
2022-11-23,9.779999732971191,TDEX.BK ETF อ้างอิง SET50 - TDEX (ตัวแทนตลาด) (Yahoo Finance)
2022-11-24,9.789999961853027,TDEX.BK ETF อ้างอิง SET50 - TDEX (ตัวแทนตลาด) (Yahoo Finance)
2022-11-25,9.699999809265137,TDEX.BK ETF อ้างอิง SET50 - TDEX (ตัวแทนตลาด) (Yahoo Finance)
2022-11-28,9.720000267028809,TDEX.BK ETF อ้างอิง SET50 - TDEX (ตัวแทนตลาด) (Yahoo Finance)
2022-11-29,9.779999732971191,TDEX.BK ETF อ้างอิง SET50 - TDEX (ตัวแทนตลาด) (Yahoo Finance)
2022-11-30,9.829999923706056,TDEX.BK ETF อ้างอิง SET50 - TDEX (ตัวแทนตลาด) (Yahoo Finance)
2022-12-01,9.850000381469728,TDEX.BK ETF อ้างอิง SET50 - TDEX (ตัวแทนตลาด) (Yahoo Finance)
2022-12-02,9.779999732971191,TDEX.BK ETF อ้างอิง SET50 - TDEX (ตัวแทนตลาด) (Yahoo Finance)
2022-12-06,9.75,TDEX.BK ETF อ้างอิง SET50 - TDEX (ตัวแทนตลาด) (Yahoo Finance)
2022-12-07,9.729999542236328,TDEX.BK ETF อ้างอิง SET50 - TDEX (ตัวแทนตลาด) (Yahoo Finance)
2022-12-08,9.699999809265137,TDEX.BK ETF อ้างอิง SET50 - TDEX (ตัวแทนตลาด) (Yahoo Finance)
2022-12-09,9.720000267028809,TDEX.BK ETF อ้างอิง SET50 - TDEX (ตัวแทนตลาด) (Yahoo Finance)
2022-12-13,9.720000267028809,TDEX.BK ETF อ้างอิง SET50 - TDEX (ตัวแทนตลาด) (Yahoo Finance)
2022-12-14,9.739999771118164,TDEX.BK ETF อ้างอิง SET50 - TDEX (ตัวแทนตลาด) (Yahoo Finance)
2022-12-15,9.6899995803833,TDEX.BK ETF อ้างอิง SET50 - TDEX (ตัวแทนตลาด) (Yahoo Finance)
2022-12-16,9.710000038146973,TDEX.BK ETF อ้างอิง SET50 - TDEX (ตัวแทนตลาด) (Yahoo Finance)
2022-12-19,9.699999809265137,TDEX.BK ETF อ้างอิง SET50 - TDEX (ตัวแทนตลาด) (Yahoo Finance)
2022-12-20,9.649999618530272,TDEX.BK ETF อ้างอิง SET50 - TDEX (ตัวแทนตลาด) (Yahoo Finance)
2022-12-21,9.649999618530272,TDEX.BK ETF อ้างอิง SET50 - TDEX (ตัวแทนตลาด) (Yahoo Finance)
2022-12-22,9.6899995803833,TDEX.BK ETF อ้างอิง SET50 - TDEX (ตัวแทนตลาด) (Yahoo Finance)
2022-12-23,9.710000038146973,TDEX.BK ETF อ้างอิง SET50 - TDEX (ตัวแทนตลาด) (Yahoo Finance)
2022-12-26,9.75,TDEX.BK ETF อ้างอิง SET50 - TDEX (ตัวแทนตลาด) (Yahoo Finance)
2022-12-27,9.859999656677246,TDEX.BK ETF อ้างอิง SET50 - TDEX (ตัวแทนตลาด) (Yahoo Finance)
2022-12-28,9.890000343322754,TDEX.BK ETF อ้างอิง SET50 - TDEX (ตัวแทนตลาด) (Yahoo Finance)
2022-12-29,9.989999771118164,TDEX.BK ETF อ้างอิง SET50 - TDEX (ตัวแทนตลาด) (Yahoo Finance)
2022-12-30,10.0,TDEX.BK ETF อ้างอิง SET50 - TDEX (ตัวแทนตลาด) (Yahoo Finance)
2023-01-03,10.0600004196167,TDEX.BK ETF อ้างอิง SET50 - TDEX (ตัวแทนตลาด) (Yahoo Finance)
2023-01-04,9.970000267028809,TDEX.BK ETF อ้างอิง SET50 - TDEX (ตัวแทนตลาด) (Yahoo Finance)
2023-01-05,9.960000038146973,TDEX.BK ETF อ้างอิง SET50 - TDEX (ตัวแทนตลาด) (Yahoo Finance)
2023-01-06,10.0,TDEX.BK ETF อ้างอิง SET50 - TDEX (ตัวแทนตลาด) (Yahoo Finance)
2023-01-09,10.06999969482422,TDEX.BK ETF อ้างอิง SET50 - TDEX (ตัวแทนตลาด) (Yahoo Finance)
2023-01-10,10.06999969482422,TDEX.BK ETF อ้างอิง SET50 - TDEX (ตัวแทนตลาด) (Yahoo Finance)
2023-01-11,10.020000457763672,TDEX.BK ETF อ้างอิง SET50 - TDEX (ตัวแทนตลาด) (Yahoo Finance)
2023-01-12,10.020000457763672,TDEX.BK ETF อ้างอิง SET50 - TDEX (ตัวแทนตลาด) (Yahoo Finance)
2023-01-13,9.979999542236328,TDEX.BK ETF อ้างอิง SET50 - TDEX (ตัวแทนตลาด) (Yahoo Finance)
2023-01-16,10.0,TDEX.BK ETF อ้างอิง SET50 - TDEX (ตัวแทนตลาด) (Yahoo Finance)
2023-01-17,9.979999542236328,TDEX.BK ETF อ้างอิง SET50 - TDEX (ตัวแทนตลาด) (Yahoo Finance)
2023-01-18,9.960000038146973,TDEX.BK ETF อ้างอิง SET50 - TDEX (ตัวแทนตลาด) (Yahoo Finance)
2023-01-19,9.989999771118164,TDEX.BK ETF อ้างอิง SET50 - TDEX (ตัวแทนตลาด) (Yahoo Finance)
2023-01-20,9.949999809265137,TDEX.BK ETF อ้างอิง SET50 - TDEX (ตัวแทนตลาด) (Yahoo Finance)
2023-01-23,10.010000228881836,TDEX.BK ETF อ้างอิง SET50 - TDEX (ตัวแทนตลาด) (Yahoo Finance)
2023-01-24,9.989999771118164,TDEX.BK ETF อ้างอิง SET50 - TDEX (ตัวแทนตลาด) (Yahoo Finance)
2023-01-25,9.970000267028809,TDEX.BK ETF อ้างอิง SET50 - TDEX (ตัวแทนตลาด) (Yahoo Finance)
2023-01-26,9.899999618530272,TDEX.BK ETF อ้างอิง SET50 - TDEX (ตัวแทนตลาด) (Yahoo Finance)
2023-01-27,9.949999809265137,TDEX.BK ETF อ้างอิง SET50 - TDEX (ตัวแทนตลาด) (Yahoo Finance)
2023-01-30,9.9399995803833,TDEX.BK ETF อ้างอิง SET50 - TDEX (ตัวแทนตลาด) (Yahoo Finance)
2023-01-31,9.869999885559082,TDEX.BK ETF อ้างอิง SET50 - TDEX (ตัวแทนตลาด) (Yahoo Finance)
2023-02-01,9.9399995803833,TDEX.BK ETF อ้างอิง SET50 - TDEX (ตัวแทนตลาด) (Yahoo Finance)
2023-02-02,9.9399995803833,TDEX.BK ETF อ้างอิง SET50 - TDEX (ตัวแทนตลาด) (Yahoo Finance)
2023-02-03,9.65999984741211,TDEX.BK ETF อ้างอิง SET50 - TDEX (ตัวแทนตลาด) (Yahoo Finance)
2023-02-06,9.630000114440918,TDEX.BK ETF อ้างอิง SET50 - TDEX (ตัวแทนตลาด) (Yahoo Finance)
2023-02-07,9.649999618530272,TDEX.BK ETF อ้างอิง SET50 - TDEX (ตัวแทนตลาด) (Yahoo Finance)
2023-02-08,9.5600004196167,TDEX.BK ETF อ้างอิง SET50 - TDEX (ตัวแทนตลาด) (Yahoo Finance)
2023-02-09,9.579999923706056,TDEX.BK ETF อ้างอิง SET50 - TDEX (ตัวแทนตลาด) (Yahoo Finance)
2023-02-10,9.539999961853027,TDEX.BK ETF อ้างอิง SET50 - TDEX (ตัวแทนตลาด) (Yahoo Finance)
2023-02-13,9.550000190734863,TDEX.BK ETF อ้างอิง SET50 - TDEX (ตัวแทนตลาด) (Yahoo Finance)
2023-02-14,9.529999732971191,TDEX.BK ETF อ้างอิง SET50 - TDEX (ตัวแทนตลาด) (Yahoo Finance)
2023-02-15,9.489999771118164,TDEX.BK ETF อ้างอิง SET50 - TDEX (ตัวแทนตลาด) (Yahoo Finance)
2023-02-16,9.56999969482422,TDEX.BK ETF อ้างอิง SET50 - TDEX (ตัวแทนตลาด) (Yahoo Finance)
2023-02-17,9.5600004196167,TDEX.BK ETF อ้างอิง SET50 - TDEX (ตัวแทนตลาด) (Yahoo Finance)
2023-02-20,9.550000190734863,TDEX.BK ETF อ้างอิง SET50 - TDEX (ตัวแทนตลาด) (Yahoo Finance)
2023-02-21,9.59000015258789,TDEX.BK ETF อ้างอิง SET50 - TDEX (ตัวแทนตลาด) (Yahoo Finance)
2023-02-22,9.5600004196167,TDEX.BK ETF อ้างอิง SET50 - TDEX (ตัวแทนตลาด) (Yahoo Finance)
2023-02-23,9.510000228881836,TDEX.BK ETF อ้างอิง SET50 - TDEX (ตัวแทนตลาด) (Yahoo Finance)
2023-02-24,9.470000267028809,TDEX.BK ETF อ้างอิง SET50 - TDEX (ตัวแทนตลาด) (Yahoo Finance)
2023-02-27,9.420000076293944,TDEX.BK ETF อ้างอิง SET50 - TDEX (ตัวแทนตลาด) (Yahoo Finance)
2023-02-28,9.369999885559082,TDEX.BK ETF อ้างอิง SET50 - TDEX (ตัวแทนตลาด) (Yahoo Finance)
2023-03-01,9.369999885559082,TDEX.BK ETF อ้างอิง SET50 - TDEX (ตัวแทนตลาด) (Yahoo Finance)
2023-03-02,9.380000114440918,TDEX.BK ETF อ้างอิง SET50 - TDEX (ตัวแทนตลาด) (Yahoo Finance)
2023-03-03,9.34000015258789,TDEX.BK ETF อ้างอิง SET50 - TDEX (ตัวแทนตลาด) (Yahoo Finance)
2023-03-07,9.390000343322754,TDEX.BK ETF อ้างอิง SET50 - TDEX (ตัวแทนตลาด) (Yahoo Finance)
2023-03-08,9.34000015258789,TDEX.BK ETF อ้างอิง SET50 - TDEX (ตัวแทนตลาด) (Yahoo Finance)
2023-03-09,9.380000114440918,TDEX.BK ETF อ้างอิง SET50 - TDEX (ตัวแทนตลาด) (Yahoo Finance)
2023-03-10,9.289999961853027,TDEX.BK ETF อ้างอิง SET50 - TDEX (ตัวแทนตลาด) (Yahoo Finance)
2023-03-13,9.149999618530272,TDEX.BK ETF อ้างอิง SET50 - TDEX (ตัวแทนตลาด) (Yahoo Finance)
2023-03-14,8.869999885559082,TDEX.BK ETF อ้างอิง SET50 - TDEX (ตัวแทนตลาด) (Yahoo Finance)
2023-03-15,9.100000381469728,TDEX.BK ETF อ้างอิง SET50 - TDEX (ตัวแทนตลาด) (Yahoo Finance)
2023-03-16,9.050000190734863,TDEX.BK ETF อ้างอิง SET50 - TDEX (ตัวแทนตลาด) (Yahoo Finance)
2023-03-17,9.140000343322754,TDEX.BK ETF อ้างอิง SET50 - TDEX (ตัวแทนตลาด) (Yahoo Finance)
2023-03-20,9.029999732971191,TDEX.BK ETF อ้างอิง SET50 - TDEX (ตัวแทนตลาด) (Yahoo Finance)
2023-03-21,9.210000038146973,TDEX.BK ETF อ้างอิง SET50 - TDEX (ตัวแทนตลาด) (Yahoo Finance)
2023-03-22,9.25,TDEX.BK ETF อ้างอิง SET50 - TDEX (ตัวแทนตลาด) (Yahoo Finance)
2023-03-23,9.289999961853027,TDEX.BK ETF อ้างอิง SET50 - TDEX (ตัวแทนตลาด) (Yahoo Finance)
2023-03-24,9.300000190734863,TDEX.BK ETF อ้างอิง SET50 - TDEX (ตัวแทนตลาด) (Yahoo Finance)
2023-03-27,9.289999961853027,TDEX.BK ETF อ้างอิง SET50 - TDEX (ตัวแทนตลาด) (Yahoo Finance)
2023-03-28,9.350000381469728,TDEX.BK ETF อ้างอิง SET50 - TDEX (ตัวแทนตลาด) (Yahoo Finance)
2023-03-29,9.369999885559082,TDEX.BK ETF อ้างอิง SET50 - TDEX (ตัวแทนตลาด) (Yahoo Finance)
2023-03-30,9.369999885559082,TDEX.BK ETF อ้างอิง SET50 - TDEX (ตัวแทนตลาด) (Yahoo Finance)
2023-03-31,9.420000076293944,TDEX.BK ETF อ้างอิง SET50 - TDEX (ตัวแทนตลาด) (Yahoo Finance)
2023-04-03,9.380000114440918,TDEX.BK ETF อ้างอิง SET50 - TDEX (ตัวแทนตลาด) (Yahoo Finance)
2023-04-04,9.350000381469728,TDEX.BK ETF อ้างอิง SET50 - TDEX (ตัวแทนตลาด) (Yahoo Finance)
2023-04-05,9.199999809265137,TDEX.BK ETF อ้างอิง SET50 - TDEX (ตัวแทนตลาด) (Yahoo Finance)
2023-04-07,9.229999542236328,TDEX.BK ETF อ้างอิง SET50 - TDEX (ตัวแทนตลาด) (Yahoo Finance)
2023-04-10,9.34000015258789,TDEX.BK ETF อ้างอิง SET50 - TDEX (ตัวแทนตลาด) (Yahoo Finance)
2023-04-11,9.329999923706056,TDEX.BK ETF อ้างอิง SET50 - TDEX (ตัวแทนตลาด) (Yahoo Finance)
2023-04-12,9.329999923706056,TDEX.BK ETF อ้างอิง SET50 - TDEX (ตัวแทนตลาด) (Yahoo Finance)
2023-04-17,9.369999885559082,TDEX.BK ETF อ้างอิง SET50 - TDEX (ตัวแทนตลาด) (Yahoo Finance)
2023-04-18,9.34000015258789,TDEX.BK ETF อ้างอิง SET50 - TDEX (ตัวแทนตลาด) (Yahoo Finance)
2023-04-19,9.300000190734863,TDEX.BK ETF อ้างอิง SET50 - TDEX (ตัวแทนตลาด) (Yahoo Finance)
2023-04-20,9.25,TDEX.BK ETF อ้างอิง SET50 - TDEX (ตัวแทนตลาด) (Yahoo Finance)
2023-04-21,9.149999618530272,TDEX.BK ETF อ้างอิง SET50 - TDEX (ตัวแทนตลาด) (Yahoo Finance)
2023-04-24,9.140000343322754,TDEX.BK ETF อ้างอิง SET50 - TDEX (ตัวแทนตลาด) (Yahoo Finance)
2023-04-25,9.119999885559082,TDEX.BK ETF อ้างอิง SET50 - TDEX (ตัวแทนตลาด) (Yahoo Finance)
2023-04-26,9.130000114440918,TDEX.BK ETF อ้างอิง SET50 - TDEX (ตัวแทนตลาด) (Yahoo Finance)
2023-04-27,9.039999961853027,TDEX.BK ETF อ้างอิง SET50 - TDEX (ตัวแทนตลาด) (Yahoo Finance)
2023-04-28,9.010000228881836,TDEX.BK ETF อ้างอิง SET50 - TDEX (ตัวแทนตลาด) (Yahoo Finance)
2023-05-02,9.020000457763672,TDEX.BK ETF อ้างอิง SET50 - TDEX (ตัวแทนตลาด) (Yahoo Finance)
2023-05-03,9.050000190734863,TDEX.BK ETF อ้างอิง SET50 - TDEX (ตัวแทนตลาด) (Yahoo Finance)
2023-05-08,9.220000267028809,TDEX.BK ETF อ้างอิง SET50 - TDEX (ตัวแทนตลาด) (Yahoo Finance)
2023-05-09,9.25,TDEX.BK ETF อ้างอิง SET50 - TDEX (ตัวแทนตลาด) (Yahoo Finance)
2023-05-10,9.260000228881836,TDEX.BK ETF อ้างอิง SET50 - TDEX (ตัวแทนตลาด) (Yahoo Finance)
2023-05-11,9.25,TDEX.BK ETF อ้างอิง SET50 - TDEX (ตัวแทนตลาด) (Yahoo Finance)
2023-05-12,9.270000457763672,TDEX.BK ETF อ้างอิง SET50 - TDEX (ตัวแทนตลาด) (Yahoo Finance)
2023-05-15,9.18000030517578,TDEX.BK ETF อ้างอิง SET50 - TDEX (ตัวแทนตลาด) (Yahoo Finance)
2023-05-16,9.119999885559082,TDEX.BK ETF อ้างอิง SET50 - TDEX (ตัวแทนตลาด) (Yahoo Finance)
2023-05-17,9.039999961853027,TDEX.BK ETF อ้างอิง SET50 - TDEX (ตัวแทนตลาด) (Yahoo Finance)
2023-05-18,9.100000381469728,TDEX.BK ETF อ้างอิง SET50 - TDEX (ตัวแทนตลาด) (Yahoo Finance)
2023-05-19,9.0,TDEX.BK ETF อ้างอิง SET50 - TDEX (ตัวแทนตลาด) (Yahoo Finance)
2023-05-22,9.09000015258789,TDEX.BK ETF อ้างอิง SET50 - TDEX (ตัวแทนตลาด) (Yahoo Finance)
2023-05-23,9.06999969482422,TDEX.BK ETF อ้างอิง SET50 - TDEX (ตัวแทนตลาด) (Yahoo Finance)
2023-05-24,9.06999969482422,TDEX.BK ETF อ้างอิง SET50 - TDEX (ตัวแทนตลาด) (Yahoo Finance)
2023-05-25,9.06999969482422,TDEX.BK ETF อ้างอิง SET50 - TDEX (ตัวแทนตลาด) (Yahoo Finance)
2023-05-26,9.029999732971191,TDEX.BK ETF อ้างอิง SET50 - TDEX (ตัวแทนตลาด) (Yahoo Finance)
2023-05-29,9.079999923706056,TDEX.BK ETF อ้างอิง SET50 - TDEX (ตัวแทนตลาด) (Yahoo Finance)
2023-05-30,9.029999732971191,TDEX.BK ETF อ้างอิง SET50 - TDEX (ตัวแทนตลาด) (Yahoo Finance)
2023-05-31,9.010000228881836,TDEX.BK ETF อ้างอิง SET50 - TDEX (ตัวแทนตลาด) (Yahoo Finance)
2023-06-01,9.010000228881836,TDEX.BK ETF อ้างอิง SET50 - TDEX (ตัวแทนตลาด) (Yahoo Finance)
2023-06-02,9.0,TDEX.BK ETF อ้างอิง SET50 - TDEX (ตัวแทนตลาด) (Yahoo Finance)
2023-06-06,8.989999771118164,TDEX.BK ETF อ้างอิง SET50 - TDEX (ตัวแทนตลาด) (Yahoo Finance)
2023-06-07,9.020000457763672,TDEX.BK ETF อ้างอิง SET50 - TDEX (ตัวแทนตลาด) (Yahoo Finance)
2023-06-08,9.15999984741211,TDEX.BK ETF อ้างอิง SET50 - TDEX (ตัวแทนตลาด) (Yahoo Finance)
2023-06-09,9.1899995803833,TDEX.BK ETF อ้างอิง SET50 - TDEX (ตัวแทนตลาด) (Yahoo Finance)
2023-06-12,9.130000114440918,TDEX.BK ETF อ้างอิง SET50 - TDEX (ตัวแทนตลาด) (Yahoo Finance)
2023-06-13,9.229999542236328,TDEX.BK ETF อ้างอิง SET50 - TDEX (ตัวแทนตลาด) (Yahoo Finance)
2023-06-14,9.220000267028809,TDEX.BK ETF อ้างอิง SET50 - TDEX (ตัวแทนตลาด) (Yahoo Finance)
2023-06-15,9.220000267028809,TDEX.BK ETF อ้างอิง SET50 - TDEX (ตัวแทนตลาด) (Yahoo Finance)
2023-06-16,9.239999771118164,TDEX.BK ETF อ้างอิง SET50 - TDEX (ตัวแทนตลาด) (Yahoo Finance)
2023-06-19,9.239999771118164,TDEX.BK ETF อ้างอิง SET50 - TDEX (ตัวแทนตลาด) (Yahoo Finance)
2023-06-20,9.119999885559082,TDEX.BK ETF อ้างอิง SET50 - TDEX (ตัวแทนตลาด) (Yahoo Finance)
2023-06-21,9.029999732971191,TDEX.BK ETF อ้างอิง SET50 - TDEX (ตัวแทนตลาด) (Yahoo Finance)
2023-06-22,8.979999542236328,TDEX.BK ETF อ้างอิง SET50 - TDEX (ตัวแทนตลาด) (Yahoo Finance)
2023-06-23,8.989999771118164,TDEX.BK ETF อ้างอิง SET50 - TDEX (ตัวแทนตลาด) (Yahoo Finance)
2023-06-26,8.890000343322754,TDEX.BK ETF อ้างอิง SET50 - TDEX (ตัวแทนตลาด) (Yahoo Finance)
2023-06-27,8.84000015258789,TDEX.BK ETF อ้างอิง SET50 - TDEX (ตัวแทนตลาด) (Yahoo Finance)
2023-06-28,8.770000457763672,TDEX.BK ETF อ้างอิง SET50 - TDEX (ตัวแทนตลาด) (Yahoo Finance)
2023-06-29,8.84000015258789,TDEX.BK ETF อ้างอิง SET50 - TDEX (ตัวแทนตลาด) (Yahoo Finance)
2023-06-30,8.970000267028809,TDEX.BK ETF อ้างอิง SET50 - TDEX (ตัวแทนตลาด) (Yahoo Finance)
2023-07-03,8.970000267028809,TDEX.BK ETF อ้างอิง SET50 - TDEX (ตัวแทนตลาด) (Yahoo Finance)
2023-07-04,9.029999732971191,TDEX.BK ETF อ้างอิง SET50 - TDEX (ตัวแทนตลาด) (Yahoo Finance)
2023-07-05,9.020000457763672,TDEX.BK ETF อ้างอิง SET50 - TDEX (ตัวแทนตลาด) (Yahoo Finance)
2023-07-06,8.949999809265137,TDEX.BK ETF อ้างอิง SET50 - TDEX (ตัวแทนตลาด) (Yahoo Finance)
2023-07-07,8.930000305175781,TDEX.BK ETF อ้างอิง SET50 - TDEX (ตัวแทนตลาด) (Yahoo Finance)
2023-07-10,8.949999809265137,TDEX.BK ETF อ้างอิง SET50 - TDEX (ตัวแทนตลาด) (Yahoo Finance)
2023-07-11,8.979999542236328,TDEX.BK ETF อ้างอิง SET50 - TDEX (ตัวแทนตลาด) (Yahoo Finance)
2023-07-12,8.930000305175781,TDEX.BK ETF อ้างอิง SET50 - TDEX (ตัวแทนตลาด) (Yahoo Finance)
2023-07-13,8.989999771118164,TDEX.BK ETF อ้างอิง SET50 - TDEX (ตัวแทนตลาด) (Yahoo Finance)
2023-07-14,9.130000114440918,TDEX.BK ETF อ้างอิง SET50 - TDEX (ตัวแทนตลาด) (Yahoo Finance)
2023-07-17,9.1899995803833,TDEX.BK ETF อ้างอิง SET50 - TDEX (ตัวแทนตลาด) (Yahoo Finance)
2023-07-18,9.220000267028809,TDEX.BK ETF อ้างอิง SET50 - TDEX (ตัวแทนตลาด) (Yahoo Finance)
2023-07-19,9.210000038146973,TDEX.BK ETF อ้างอิง SET50 - TDEX (ตัวแทนตลาด) (Yahoo Finance)
2023-07-20,9.170000076293944,TDEX.BK ETF อ้างอิง SET50 - TDEX (ตัวแทนตลาด) (Yahoo Finance)
2023-07-21,9.199999809265137,TDEX.BK ETF อ้างอิง SET50 - TDEX (ตัวแทนตลาด) (Yahoo Finance)
2023-07-24,9.210000038146973,TDEX.BK ETF อ้างอิง SET50 - TDEX (ตัวแทนตลาด) (Yahoo Finance)
2023-07-25,9.199999809265137,TDEX.BK ETF อ้างอิง SET50 - TDEX (ตัวแทนตลาด) (Yahoo Finance)
2023-07-26,9.18000030517578,TDEX.BK ETF อ้างอิง SET50 - TDEX (ตัวแทนตลาด) (Yahoo Finance)
2023-07-27,9.350000381469728,TDEX.BK ETF อ้างอิง SET50 - TDEX (ตัวแทนตลาด) (Yahoo Finance)
2023-07-31,9.399999618530272,TDEX.BK ETF อ้างอิง SET50 - TDEX (ตัวแทนตลาด) (Yahoo Finance)
2023-08-02,9.369999885559082,TDEX.BK ETF อ้างอิง SET50 - TDEX (ตัวแทนตลาด) (Yahoo Finance)
2023-08-03,9.25,TDEX.BK ETF อ้างอิง SET50 - TDEX (ตัวแทนตลาด) (Yahoo Finance)
2023-08-04,9.279999732971191,TDEX.BK ETF อ้างอิง SET50 - TDEX (ตัวแทนตลาด) (Yahoo Finance)
2023-08-07,9.270000457763672,TDEX.BK ETF อ้างอิง SET50 - TDEX (ตัวแทนตลาด) (Yahoo Finance)
2023-08-08,9.210000038146973,TDEX.BK ETF อ้างอิง SET50 - TDEX (ตัวแทนตลาด) (Yahoo Finance)
2023-08-09,9.229999542236328,TDEX.BK ETF อ้างอิง SET50 - TDEX (ตัวแทนตลาด) (Yahoo Finance)
2023-08-10,9.25,TDEX.BK ETF อ้างอิง SET50 - TDEX (ตัวแทนตลาด) (Yahoo Finance)
2023-08-11,9.300000190734863,TDEX.BK ETF อ้างอิง SET50 - TDEX (ตัวแทนตลาด) (Yahoo Finance)
2023-08-15,9.1899995803833,TDEX.BK ETF อ้างอิง SET50 - TDEX (ตัวแทนตลาด) (Yahoo Finance)
2023-08-16,9.140000343322754,TDEX.BK ETF อ้างอิง SET50 - TDEX (ตัวแทนตลาด) (Yahoo Finance)
2023-08-17,9.210000038146973,TDEX.BK ETF อ้างอิง SET50 - TDEX (ตัวแทนตลาด) (Yahoo Finance)
2023-08-18,9.149999618530272,TDEX.BK ETF อ้างอิง SET50 - TDEX (ตัวแทนตลาด) (Yahoo Finance)
2023-08-21,9.1899995803833,TDEX.BK ETF อ้างอิง SET50 - TDEX (ตัวแทนตลาด) (Yahoo Finance)
2023-08-22,9.300000190734863,TDEX.BK ETF อ้างอิง SET50 - TDEX (ตัวแทนตลาด) (Yahoo Finance)
2023-08-23,9.34000015258789,TDEX.BK ETF อ้างอิง SET50 - TDEX (ตัวแทนตลาด) (Yahoo Finance)
2023-08-24,9.369999885559082,TDEX.BK ETF อ้างอิง SET50 - TDEX (ตัวแทนตลาด) (Yahoo Finance)
2023-08-25,9.350000381469728,TDEX.BK ETF อ้างอิง SET50 - TDEX (ตัวแทนตลาด) (Yahoo Finance)
2023-08-28,9.40999984741211,TDEX.BK ETF อ้างอิง SET50 - TDEX (ตัวแทนตลาด) (Yahoo Finance)
2023-08-29,9.40999984741211,TDEX.BK ETF อ้างอิง SET50 - TDEX (ตัวแทนตลาด) (Yahoo Finance)
2023-08-30,9.4399995803833,TDEX.BK ETF อ้างอิง SET50 - TDEX (ตัวแทนตลาด) (Yahoo Finance)
2023-08-31,9.380000114440918,TDEX.BK ETF อ้างอิง SET50 - TDEX (ตัวแทนตลาด) (Yahoo Finance)
2023-09-01,9.350000381469728,TDEX.BK ETF อ้างอิง SET50 - TDEX (ตัวแทนตลาด) (Yahoo Finance)
2023-09-04,9.289999961853027,TDEX.BK ETF อ้างอิง SET50 - TDEX (ตัวแทนตลาด) (Yahoo Finance)
2023-09-05,9.279999732971191,TDEX.BK ETF อ้างอิง SET50 - TDEX (ตัวแทนตลาด) (Yahoo Finance)
2023-09-06,9.289999961853027,TDEX.BK ETF อ้างอิง SET50 - TDEX (ตัวแทนตลาด) (Yahoo Finance)
2023-09-07,9.289999961853027,TDEX.BK ETF อ้างอิง SET50 - TDEX (ตัวแทนตลาด) (Yahoo Finance)
2023-09-08,9.270000457763672,TDEX.BK ETF อ้างอิง SET50 - TDEX (ตัวแทนตลาด) (Yahoo Finance)
2023-09-11,9.239999771118164,TDEX.BK ETF อ้างอิง SET50 - TDEX (ตัวแทนตลาด) (Yahoo Finance)
2023-09-12,9.260000228881836,TDEX.BK ETF อ้างอิง SET50 - TDEX (ตัวแทนตลาด) (Yahoo Finance)
2023-09-13,9.239999771118164,TDEX.BK ETF อ้างอิง SET50 - TDEX (ตัวแทนตลาด) (Yahoo Finance)
2023-09-14,9.270000457763672,TDEX.BK ETF อ้างอิง SET50 - TDEX (ตัวแทนตลาด) (Yahoo Finance)
2023-09-15,9.300000190734863,TDEX.BK ETF อ้างอิง SET50 - TDEX (ตัวแทนตลาด) (Yahoo Finance)
2023-09-18,9.220000267028809,TDEX.BK ETF อ้างอิง SET50 - TDEX (ตัวแทนตลาด) (Yahoo Finance)
2023-09-19,9.18000030517578,TDEX.BK ETF อ้างอิง SET50 - TDEX (ตัวแทนตลาด) (Yahoo Finance)
2023-09-20,9.06999969482422,TDEX.BK ETF อ้างอิง SET50 - TDEX (ตัวแทนตลาด) (Yahoo Finance)
2023-09-21,9.09000015258789,TDEX.BK ETF อ้างอิง SET50 - TDEX (ตัวแทนตลาด) (Yahoo Finance)
2023-09-22,9.149999618530272,TDEX.BK ETF อ้างอิง SET50 - TDEX (ตัวแทนตลาด) (Yahoo Finance)
2023-09-25,9.100000381469728,TDEX.BK ETF อ้างอิง SET50 - TDEX (ตัวแทนตลาด) (Yahoo Finance)
2023-09-26,9.010000228881836,TDEX.BK ETF อ้างอิง SET50 - TDEX (ตัวแทนตลาด) (Yahoo Finance)
2023-09-27,9.020000457763672,TDEX.BK ETF อ้างอิง SET50 - TDEX (ตัวแทนตลาด) (Yahoo Finance)
2023-09-28,8.949999809265137,TDEX.BK ETF อ้างอิง SET50 - TDEX (ตัวแทนตลาด) (Yahoo Finance)
2023-09-29,8.869999885559082,TDEX.BK ETF อ้างอิง SET50 - TDEX (ตัวแทนตลาด) (Yahoo Finance)
2023-10-02,8.84000015258789,TDEX.BK ETF อ้างอิง SET50 - TDEX (ตัวแทนตลาด) (Yahoo Finance)
2023-10-03,8.6899995803833,TDEX.BK ETF อ้างอิง SET50 - TDEX (ตัวแทนตลาด) (Yahoo Finance)
2023-10-04,8.720000267028809,TDEX.BK ETF อ้างอิง SET50 - TDEX (ตัวแทนตลาด) (Yahoo Finance)
2023-10-05,8.729999542236328,TDEX.BK ETF อ้างอิง SET50 - TDEX (ตัวแทนตลาด) (Yahoo Finance)
2023-10-06,8.649999618530273,TDEX.BK ETF อ้างอิง SET50 - TDEX (ตัวแทนตลาด) (Yahoo Finance)
2023-10-09,8.609999656677246,TDEX.BK ETF อ้างอิง SET50 - TDEX (ตัวแทนตลาด) (Yahoo Finance)
2023-10-10,8.619999885559082,TDEX.BK ETF อ้างอิง SET50 - TDEX (ตัวแทนตลาด) (Yahoo Finance)
2023-10-11,8.720000267028809,TDEX.BK ETF อ้างอิง SET50 - TDEX (ตัวแทนตลาด) (Yahoo Finance)
2023-10-12,8.770000457763672,TDEX.BK ETF อ้างอิง SET50 - TDEX (ตัวแทนตลาด) (Yahoo Finance)
2023-10-16,8.649999618530273,TDEX.BK ETF อ้างอิง SET50 - TDEX (ตัวแทนตลาด) (Yahoo Finance)
2023-10-17,8.6899995803833,TDEX.BK ETF อ้างอิง SET50 - TDEX (ตัวแทนตลาด) (Yahoo Finance)
2023-10-18,8.720000267028809,TDEX.BK ETF อ้างอิง SET50 - TDEX (ตัวแทนตลาด) (Yahoo Finance)
2023-10-19,8.640000343322754,TDEX.BK ETF อ้างอิง SET50 - TDEX (ตัวแทนตลาด) (Yahoo Finance)
2023-10-20,8.5,TDEX.BK ETF อ้างอิง SET50 - TDEX (ตัวแทนตลาด) (Yahoo Finance)
2023-10-24,8.449999809265137,TDEX.BK ETF อ้างอิง SET50 - TDEX (ตัวแทนตลาด) (Yahoo Finance)
2023-10-25,8.550000190734863,TDEX.BK ETF อ้างอิง SET50 - TDEX (ตัวแทนตลาด) (Yahoo Finance)
2023-10-26,8.369999885559082,TDEX.BK ETF อ้างอิง SET50 - TDEX (ตัวแทนตลาด) (Yahoo Finance)
2023-10-27,8.460000038146973,TDEX.BK ETF อ้างอิง SET50 - TDEX (ตัวแทนตลาด) (Yahoo Finance)
2023-10-30,8.520000457763672,TDEX.BK ETF อ้างอิง SET50 - TDEX (ตัวแทนตลาด) (Yahoo Finance)
2023-10-31,8.420000076293945,TDEX.BK ETF อ้างอิง SET50 - TDEX (ตัวแทนตลาด) (Yahoo Finance)
2023-11-01,8.399999618530273,TDEX.BK ETF อ้างอิง SET50 - TDEX (ตัวแทนตลาด) (Yahoo Finance)
2023-11-02,8.579999923706055,TDEX.BK ETF อ้างอิง SET50 - TDEX (ตัวแทนตลาด) (Yahoo Finance)
2023-11-03,8.640000343322754,TDEX.BK ETF อ้างอิง SET50 - TDEX (ตัวแทนตลาด) (Yahoo Finance)
2023-11-06,8.630000114440918,TDEX.BK ETF อ้างอิง SET50 - TDEX (ตัวแทนตลาด) (Yahoo Finance)
2023-11-07,8.59000015258789,TDEX.BK ETF อ้างอิง SET50 - TDEX (ตัวแทนตลาด) (Yahoo Finance)
2023-11-08,8.609999656677246,TDEX.BK ETF อ้างอิง SET50 - TDEX (ตัวแทนตลาด) (Yahoo Finance)
2023-11-09,8.569999694824219,TDEX.BK ETF อ้างอิง SET50 - TDEX (ตัวแทนตลาด) (Yahoo Finance)
2023-11-10,8.470000267028809,TDEX.BK ETF อ้างอิง SET50 - TDEX (ตัวแทนตลาด) (Yahoo Finance)
2023-11-13,8.479999542236328,TDEX.BK ETF อ้างอิง SET50 - TDEX (ตัวแทนตลาด) (Yahoo Finance)
2023-11-14,8.489999771118164,TDEX.BK ETF อ้างอิง SET50 - TDEX (ตัวแทนตลาด) (Yahoo Finance)
2023-11-15,8.619999885559082,TDEX.BK ETF อ้างอิง SET50 - TDEX (ตัวแทนตลาด) (Yahoo Finance)
2023-11-16,8.630000114440918,TDEX.BK ETF อ้างอิง SET50 - TDEX (ตัวแทนตลาด) (Yahoo Finance)
2023-11-17,8.59000015258789,TDEX.BK ETF อ้างอิง SET50 - TDEX (ตัวแทนตลาด) (Yahoo Finance)
2023-11-20,8.630000114440918,TDEX.BK ETF อ้างอิง SET50 - TDEX (ตัวแทนตลาด) (Yahoo Finance)
2023-11-21,8.619999885559082,TDEX.BK ETF อ้างอิง SET50 - TDEX (ตัวแทนตลาด) (Yahoo Finance)
2023-11-22,8.600000381469727,TDEX.BK ETF อ้างอิง SET50 - TDEX (ตัวแทนตลาด) (Yahoo Finance)
2023-11-23,8.529999732971191,TDEX.BK ETF อ้างอิง SET50 - TDEX (ตัวแทนตลาด) (Yahoo Finance)
2023-11-24,8.5,TDEX.BK ETF อ้างอิง SET50 - TDEX (ตัวแทนตลาด) (Yahoo Finance)
2023-11-27,8.479999542236328,TDEX.BK ETF อ้างอิง SET50 - TDEX (ตัวแทนตลาด) (Yahoo Finance)
2023-11-28,8.550000190734863,TDEX.BK ETF อ้างอิง SET50 - TDEX (ตัวแทนตลาด) (Yahoo Finance)
2023-11-29,8.470000267028809,TDEX.BK ETF อ้างอิง SET50 - TDEX (ตัวแทนตลาด) (Yahoo Finance)
2023-11-30,8.40999984741211,TDEX.BK ETF อ้างอิง SET50 - TDEX (ตัวแทนตลาด) (Yahoo Finance)
2023-12-01,8.399999618530273,TDEX.BK ETF อ้างอิง SET50 - TDEX (ตัวแทนตลาด) (Yahoo Finance)
2023-12-04,8.420000076293945,TDEX.BK ETF อ้างอิง SET50 - TDEX (ตัวแทนตลาด) (Yahoo Finance)
2023-12-06,8.449999809265137,TDEX.BK ETF อ้างอิง SET50 - TDEX (ตัวแทนตลาด) (Yahoo Finance)
2023-12-07,8.399999618530273,TDEX.BK ETF อ้างอิง SET50 - TDEX (ตัวแทนตลาด) (Yahoo Finance)
2023-12-08,8.399999618530273,TDEX.BK ETF อ้างอิง SET50 - TDEX (ตัวแทนตลาด) (Yahoo Finance)
2023-12-12,8.359999656677246,TDEX.BK ETF อ้างอิง SET50 - TDEX (ตัวแทนตลาด) (Yahoo Finance)
2023-12-13,8.270000457763672,TDEX.BK ETF อ้างอิง SET50 - TDEX (ตัวแทนตลาด) (Yahoo Finance)
2023-12-14,8.390000343322754,TDEX.BK ETF อ้างอิง SET50 - TDEX (ตัวแทนตลาด) (Yahoo Finance)
2023-12-15,8.460000038146973,TDEX.BK ETF อ้างอิง SET50 - TDEX (ตัวแทนตลาด) (Yahoo Finance)
2023-12-18,8.489999771118164,TDEX.BK ETF อ้างอิง SET50 - TDEX (ตัวแทนตลาด) (Yahoo Finance)
2023-12-19,8.489999771118164,TDEX.BK ETF อ้างอิง SET50 - TDEX (ตัวแทนตลาด) (Yahoo Finance)
2023-12-20,8.5600004196167,TDEX.BK ETF อ้างอิง SET50 - TDEX (ตัวแทนตลาด) (Yahoo Finance)
2023-12-21,8.550000190734863,TDEX.BK ETF อ้างอิง SET50 - TDEX (ตัวแทนตลาด) (Yahoo Finance)
2023-12-22,8.539999961853027,TDEX.BK ETF อ้างอิง SET50 - TDEX (ตัวแทนตลาด) (Yahoo Finance)
2023-12-25,8.579999923706055,TDEX.BK ETF อ้างอิง SET50 - TDEX (ตัวแทนตลาด) (Yahoo Finance)
2023-12-26,8.59000015258789,TDEX.BK ETF อ้างอิง SET50 - TDEX (ตัวแทนตลาด) (Yahoo Finance)
2023-12-27,8.569999694824219,TDEX.BK ETF อ้างอิง SET50 - TDEX (ตัวแทนตลาด) (Yahoo Finance)
2023-12-28,8.609999656677246,TDEX.BK ETF อ้างอิง SET50 - TDEX (ตัวแทนตลาด) (Yahoo Finance)
2024-01-03,8.65999984741211,TDEX.BK ETF อ้างอิง SET50 - TDEX (ตัวแทนตลาด) (Yahoo Finance)
2024-01-04,8.649999618530273,TDEX.BK ETF อ้างอิง SET50 - TDEX (ตัวแทนตลาด) (Yahoo Finance)
2024-01-05,8.609999656677246,TDEX.BK ETF อ้างอิง SET50 - TDEX (ตัวแทนตลาด) (Yahoo Finance)
2024-01-08,8.5600004196167,TDEX.BK ETF อ้างอิง SET50 - TDEX (ตัวแทนตลาด) (Yahoo Finance)
2024-01-09,8.550000190734863,TDEX.BK ETF อ้างอิง SET50 - TDEX (ตัวแทนตลาด) (Yahoo Finance)
2024-01-10,8.510000228881836,TDEX.BK ETF อ้างอิง SET50 - TDEX (ตัวแทนตลาด) (Yahoo Finance)
2024-01-11,8.510000228881836,TDEX.BK ETF อ้างอิง SET50 - TDEX (ตัวแทนตลาด) (Yahoo Finance)
2024-01-12,8.529999732971191,TDEX.BK ETF อ้างอิง SET50 - TDEX (ตัวแทนตลาด) (Yahoo Finance)
2024-01-15,8.529999732971191,TDEX.BK ETF อ้างอิง SET50 - TDEX (ตัวแทนตลาด) (Yahoo Finance)
2024-01-16,8.449999809265137,TDEX.BK ETF อ้างอิง SET50 - TDEX (ตัวแทนตลาด) (Yahoo Finance)
2024-01-17,8.34000015258789,TDEX.BK ETF อ้างอิง SET50 - TDEX (ตัวแทนตลาด) (Yahoo Finance)
2024-01-18,8.319999694824219,TDEX.BK ETF อ้างอิง SET50 - TDEX (ตัวแทนตลาด) (Yahoo Finance)
2024-01-19,8.319999694824219,TDEX.BK ETF อ้างอิง SET50 - TDEX (ตัวแทนตลาด) (Yahoo Finance)
2024-01-22,8.25,TDEX.BK ETF อ้างอิง SET50 - TDEX (ตัวแทนตลาด) (Yahoo Finance)
2024-01-23,8.1899995803833,TDEX.BK ETF อ้างอิง SET50 - TDEX (ตัวแทนตลาด) (Yahoo Finance)
2024-01-24,8.279999732971191,TDEX.BK ETF อ้างอิง SET50 - TDEX (ตัวแทนตลาด) (Yahoo Finance)
2024-01-25,8.3100004196167,TDEX.BK ETF อ้างอิง SET50 - TDEX (ตัวแทนตลาด) (Yahoo Finance)
2024-01-26,8.069999694824219,TDEX.BK ETF อ้างอิง SET50 - TDEX (ตัวแทนตลาด) (Yahoo Finance)
2024-01-29,8.09000015258789,TDEX.BK ETF อ้างอิง SET50 - TDEX (ตัวแทนตลาด) (Yahoo Finance)
2024-01-30,8.069999694824219,TDEX.BK ETF อ้างอิง SET50 - TDEX (ตัวแทนตลาด) (Yahoo Finance)
2024-01-31,8.010000228881836,TDEX.BK ETF อ้างอิง SET50 - TDEX (ตัวแทนตลาด) (Yahoo Finance)
2024-02-01,8.039999961853027,TDEX.BK ETF อ้างอิง SET50 - TDEX (ตัวแทนตลาด) (Yahoo Finance)
2024-02-02,8.119999885559082,TDEX.BK ETF อ้างอิง SET50 - TDEX (ตัวแทนตลาด) (Yahoo Finance)
2024-02-05,8.130000114440918,TDEX.BK ETF อ้างอิง SET50 - TDEX (ตัวแทนตลาด) (Yahoo Finance)
2024-02-06,8.1899995803833,TDEX.BK ETF อ้างอิง SET50 - TDEX (ตัวแทนตลาด) (Yahoo Finance)
2024-02-07,8.229999542236328,TDEX.BK ETF อ้างอิง SET50 - TDEX (ตัวแทนตลาด) (Yahoo Finance)
2024-02-08,8.1899995803833,TDEX.BK ETF อ้างอิง SET50 - TDEX (ตัวแทนตลาด) (Yahoo Finance)
2024-02-09,8.149999618530273,TDEX.BK ETF อ้างอิง SET50 - TDEX (ตัวแทนตลาด) (Yahoo Finance)
2024-02-12,8.170000076293945,TDEX.BK ETF อ้างอิง SET50 - TDEX (ตัวแทนตลาด) (Yahoo Finance)
2024-02-13,8.170000076293945,TDEX.BK ETF อ้างอิง SET50 - TDEX (ตัวแทนตลาด) (Yahoo Finance)
2024-02-14,8.109999656677246,TDEX.BK ETF อ้างอิง SET50 - TDEX (ตัวแทนตลาด) (Yahoo Finance)
2024-02-15,8.119999885559082,TDEX.BK ETF อ้างอิง SET50 - TDEX (ตัวแทนตลาด) (Yahoo Finance)
2024-02-16,8.149999618530273,TDEX.BK ETF อ้างอิง SET50 - TDEX (ตัวแทนตลาด) (Yahoo Finance)
2024-02-19,8.140000343322754,TDEX.BK ETF อ้างอิง SET50 - TDEX (ตัวแทนตลาด) (Yahoo Finance)
2024-02-20,8.119999885559082,TDEX.BK ETF อ้างอิง SET50 - TDEX (ตัวแทนตลาด) (Yahoo Finance)
2024-02-21,8.1899995803833,TDEX.BK ETF อ้างอิง SET50 - TDEX (ตัวแทนตลาด) (Yahoo Finance)
2024-02-22,8.239999771118164,TDEX.BK ETF อ้างอิง SET50 - TDEX (ตัวแทนตลาด) (Yahoo Finance)
2024-02-23,8.239999771118164,TDEX.BK ETF อ้างอิง SET50 - TDEX (ตัวแทนตลาด) (Yahoo Finance)
2024-02-27,8.199999809265137,TDEX.BK ETF อ้างอิง SET50 - TDEX (ตัวแทนตลาด) (Yahoo Finance)
2024-02-28,8.140000343322754,TDEX.BK ETF อ้างอิง SET50 - TDEX (ตัวแทนตลาด) (Yahoo Finance)
2024-02-29,8.09000015258789,TDEX.BK ETF อ้างอิง SET50 - TDEX (ตัวแทนตลาด) (Yahoo Finance)
2024-03-01,8.069999694824219,TDEX.BK ETF อ้างอิง SET50 - TDEX (ตัวแทนตลาด) (Yahoo Finance)
2024-03-04,8.079999923706055,TDEX.BK ETF อ้างอิง SET50 - TDEX (ตัวแทนตลาด) (Yahoo Finance)
2024-03-05,8.020000457763672,TDEX.BK ETF อ้างอิง SET50 - TDEX (ตัวแทนตลาด) (Yahoo Finance)
2024-03-06,8.100000381469727,TDEX.BK ETF อ้างอิง SET50 - TDEX (ตัวแทนตลาด) (Yahoo Finance)
2024-03-07,8.079999923706055,TDEX.BK ETF อ้างอิง SET50 - TDEX (ตัวแทนตลาด) (Yahoo Finance)
2024-03-08,8.180000305175781,TDEX.BK ETF อ้างอิง SET50 - TDEX (ตัวแทนตลาด) (Yahoo Finance)
2024-03-11,8.149999618530273,TDEX.BK ETF อ้างอิง SET50 - TDEX (ตัวแทนตลาด) (Yahoo Finance)
2024-03-12,8.149999618530273,TDEX.BK ETF อ้างอิง SET50 - TDEX (ตัวแทนตลาด) (Yahoo Finance)
2024-03-13,8.170000076293945,TDEX.BK ETF อ้างอิง SET50 - TDEX (ตัวแทนตลาด) (Yahoo Finance)
2024-03-14,8.170000076293945,TDEX.BK ETF อ้างอิง SET50 - TDEX (ตัวแทนตลาด) (Yahoo Finance)
2024-03-15,8.170000076293945,TDEX.BK ETF อ้างอิง SET50 - TDEX (ตัวแทนตลาด) (Yahoo Finance)
2024-03-18,8.210000038146973,TDEX.BK ETF อ้างอิง SET50 - TDEX (ตัวแทนตลาด) (Yahoo Finance)
2024-03-19,8.220000267028809,TDEX.BK ETF อ้างอิง SET50 - TDEX (ตัวแทนตลาด) (Yahoo Finance)
2024-03-20,8.220000267028809,TDEX.BK ETF อ้างอิง SET50 - TDEX (ตัวแทนตลาด) (Yahoo Finance)
2024-03-21,8.239999771118164,TDEX.BK ETF อ้างอิง SET50 - TDEX (ตัวแทนตลาด) (Yahoo Finance)
2024-03-22,8.239999771118164,TDEX.BK ETF อ้างอิง SET50 - TDEX (ตัวแทนตลาด) (Yahoo Finance)
2024-03-25,8.170000076293945,TDEX.BK ETF อ้างอิง SET50 - TDEX (ตัวแทนตลาด) (Yahoo Finance)
2024-03-26,8.170000076293945,TDEX.BK ETF อ้างอิง SET50 - TDEX (ตัวแทนตลาด) (Yahoo Finance)
2024-03-27,8.1899995803833,TDEX.BK ETF อ้างอิง SET50 - TDEX (ตัวแทนตลาด) (Yahoo Finance)
2024-03-28,8.1899995803833,TDEX.BK ETF อ้างอิง SET50 - TDEX (ตัวแทนตลาด) (Yahoo Finance)
2024-03-29,8.15999984741211,TDEX.BK ETF อ้างอิง SET50 - TDEX (ตัวแทนตลาด) (Yahoo Finance)
2024-04-01,8.180000305175781,TDEX.BK ETF อ้างอิง SET50 - TDEX (ตัวแทนตลาด) (Yahoo Finance)
2024-04-02,8.1899995803833,TDEX.BK ETF อ้างอิง SET50 - TDEX (ตัวแทนตลาด) (Yahoo Finance)
2024-04-03,8.1899995803833,TDEX.BK ETF อ้างอิง SET50 - TDEX (ตัวแทนตลาด) (Yahoo Finance)
2024-04-04,8.1899995803833,TDEX.BK ETF อ้างอิง SET50 - TDEX (ตัวแทนตลาด) (Yahoo Finance)
2024-04-05,8.199999809265137,TDEX.BK ETF อ้างอิง SET50 - TDEX (ตัวแทนตลาด) (Yahoo Finance)
2024-04-09,8.199999809265137,TDEX.BK ETF อ้างอิง SET50 - TDEX (ตัวแทนตลาด) (Yahoo Finance)
2024-04-10,8.40999984741211,TDEX.BK ETF อ้างอิง SET50 - TDEX (ตัวแทนตลาด) (Yahoo Finance)
2024-04-11,8.329999923706055,TDEX.BK ETF อ้างอิง SET50 - TDEX (ตัวแทนตลาด) (Yahoo Finance)
2024-04-17,8.329999923706055,TDEX.BK ETF อ้างอิง SET50 - TDEX (ตัวแทนตลาด) (Yahoo Finance)
2024-04-18,8.329999923706055,TDEX.BK ETF อ้างอิง SET50 - TDEX (ตัวแทนตลาด) (Yahoo Finance)
2024-04-19,8.329999923706055,TDEX.BK ETF อ้างอิง SET50 - TDEX (ตัวแทนตลาด) (Yahoo Finance)
2024-04-22,8.069999694824219,TDEX.BK ETF อ้างอิง SET50 - TDEX (ตัวแทนตลาด) (Yahoo Finance)
2024-04-23,8.119999885559082,TDEX.BK ETF อ้างอิง SET50 - TDEX (ตัวแทนตลาด) (Yahoo Finance)
2024-04-24,8.119999885559082,TDEX.BK ETF อ้างอิง SET50 - TDEX (ตัวแทนตลาด) (Yahoo Finance)
2024-04-25,8.140000343322754,TDEX.BK ETF อ้างอิง SET50 - TDEX (ตัวแทนตลาด) (Yahoo Finance)
2024-04-26,8.140000343322754,TDEX.BK ETF อ้างอิง SET50 - TDEX (ตัวแทนตลาด) (Yahoo Finance)
2024-04-29,8.130000114440918,TDEX.BK ETF อ้างอิง SET50 - TDEX (ตัวแทนตลาด) (Yahoo Finance)
2024-04-30,8.130000114440918,TDEX.BK ETF อ้างอิง SET50 - TDEX (ตัวแทนตลาด) (Yahoo Finance)
2024-05-02,8.170000076293945,TDEX.BK ETF อ้างอิง SET50 - TDEX (ตัวแทนตลาด) (Yahoo Finance)
2024-05-03,8.1899995803833,TDEX.BK ETF อ้างอิง SET50 - TDEX (ตัวแทนตลาด) (Yahoo Finance)
2024-05-07,8.1899995803833,TDEX.BK ETF อ้างอิง SET50 - TDEX (ตัวแทนตลาด) (Yahoo Finance)
2024-05-08,8.239999771118164,TDEX.BK ETF อ้างอิง SET50 - TDEX (ตัวแทนตลาด) (Yahoo Finance)
2024-05-09,8.229999542236328,TDEX.BK ETF อ้างอิง SET50 - TDEX (ตัวแทนตลาด) (Yahoo Finance)
2024-05-10,8.239999771118164,TDEX.BK ETF อ้างอิง SET50 - TDEX (ตัวแทนตลาด) (Yahoo Finance)
2024-05-13,8.229999542236328,TDEX.BK ETF อ้างอิง SET50 - TDEX (ตัวแทนตลาด) (Yahoo Finance)
2024-05-14,8.270000457763672,TDEX.BK ETF อ้างอิง SET50 - TDEX (ตัวแทนตลาด) (Yahoo Finance)
2024-05-15,8.270000457763672,TDEX.BK ETF อ้างอิง SET50 - TDEX (ตัวแทนตลาด) (Yahoo Finance)
2024-05-16,8.270000457763672,TDEX.BK ETF อ้างอิง SET50 - TDEX (ตัวแทนตลาด) (Yahoo Finance)
2024-05-17,8.3100004196167,TDEX.BK ETF อ้างอิง SET50 - TDEX (ตัวแทนตลาด) (Yahoo Finance)
2024-05-20,8.3100004196167,TDEX.BK ETF อ้างอิง SET50 - TDEX (ตัวแทนตลาด) (Yahoo Finance)
2024-05-21,8.3100004196167,TDEX.BK ETF อ้างอิง SET50 - TDEX (ตัวแทนตลาด) (Yahoo Finance)
2024-05-23,8.260000228881836,TDEX.BK ETF อ้างอิง SET50 - TDEX (ตัวแทนตลาด) (Yahoo Finance)
2024-05-24,8.260000228881836,TDEX.BK ETF อ้างอิง SET50 - TDEX (ตัวแทนตลาด) (Yahoo Finance)
2024-05-27,8.260000228881836,TDEX.BK ETF อ้างอิง SET50 - TDEX (ตัวแทนตลาด) (Yahoo Finance)
2024-05-28,8.239999771118164,TDEX.BK ETF อ้างอิง SET50 - TDEX (ตัวแทนตลาด) (Yahoo Finance)
2024-05-29,8.170000076293945,TDEX.BK ETF อ้างอิง SET50 - TDEX (ตัวแทนตลาด) (Yahoo Finance)
2024-05-30,8.170000076293945,TDEX.BK ETF อ้างอิง SET50 - TDEX (ตัวแทนตลาด) (Yahoo Finance)
2024-05-31,8.170000076293945,TDEX.BK ETF อ้างอิง SET50 - TDEX (ตัวแทนตลาด) (Yahoo Finance)
2024-06-04,8.069999694824219,TDEX.BK ETF อ้างอิง SET50 - TDEX (ตัวแทนตลาด) (Yahoo Finance)
2024-06-05,8.069999694824219,TDEX.BK ETF อ้างอิง SET50 - TDEX (ตัวแทนตลาด) (Yahoo Finance)
2024-06-06,8.029999732971191,TDEX.BK ETF อ้างอิง SET50 - TDEX (ตัวแทนตลาด) (Yahoo Finance)
2024-06-07,8.029999732971191,TDEX.BK ETF อ้างอิง SET50 - TDEX (ตัวแทนตลาด) (Yahoo Finance)
2024-06-10,7.949999809265137,TDEX.BK ETF อ้างอิง SET50 - TDEX (ตัวแทนตลาด) (Yahoo Finance)
2024-06-11,7.949999809265137,TDEX.BK ETF อ้างอิง SET50 - TDEX (ตัวแทนตลาด) (Yahoo Finance)
2024-06-12,7.980000019073486,TDEX.BK ETF อ้างอิง SET50 - TDEX (ตัวแทนตลาด) (Yahoo Finance)
2024-06-13,7.949999809265137,TDEX.BK ETF อ้างอิง SET50 - TDEX (ตัวแทนตลาด) (Yahoo Finance)
2024-06-14,7.960000038146973,TDEX.BK ETF อ้างอิง SET50 - TDEX (ตัวแทนตลาด) (Yahoo Finance)
2024-06-17,7.960000038146973,TDEX.BK ETF อ้างอิง SET50 - TDEX (ตัวแทนตลาด) (Yahoo Finance)
2024-06-18,7.960000038146973,TDEX.BK ETF อ้างอิง SET50 - TDEX (ตัวแทนตลาด) (Yahoo Finance)
2024-06-19,7.960000038146973,TDEX.BK ETF อ้างอิง SET50 - TDEX (ตัวแทนตลาด) (Yahoo Finance)
2024-06-20,7.920000076293945,TDEX.BK ETF อ้างอิง SET50 - TDEX (ตัวแทนตลาด) (Yahoo Finance)
2024-06-21,7.949999809265137,TDEX.BK ETF อ้างอิง SET50 - TDEX (ตัวแทนตลาด) (Yahoo Finance)
2024-06-24,7.949999809265137,TDEX.BK ETF อ้างอิง SET50 - TDEX (ตัวแทนตลาด) (Yahoo Finance)
2024-06-25,7.949999809265137,TDEX.BK ETF อ้างอิง SET50 - TDEX (ตัวแทนตลาด) (Yahoo Finance)
2024-06-26,7.949999809265137,TDEX.BK ETF อ้างอิง SET50 - TDEX (ตัวแทนตลาด) (Yahoo Finance)
2024-06-27,7.960000038146973,TDEX.BK ETF อ้างอิง SET50 - TDEX (ตัวแทนตลาด) (Yahoo Finance)
2024-06-28,7.909999847412109,TDEX.BK ETF อ้างอิง SET50 - TDEX (ตัวแทนตลาด) (Yahoo Finance)
2024-07-01,7.909999847412109,TDEX.BK ETF อ้างอิง SET50 - TDEX (ตัวแทนตลาด) (Yahoo Finance)
2024-07-02,7.909999847412109,TDEX.BK ETF อ้างอิง SET50 - TDEX (ตัวแทนตลาด) (Yahoo Finance)
2024-07-03,7.869999885559082,TDEX.BK ETF อ้างอิง SET50 - TDEX (ตัวแทนตลาด) (Yahoo Finance)
2024-07-04,7.949999809265137,TDEX.BK ETF อ้างอิง SET50 - TDEX (ตัวแทนตลาด) (Yahoo Finance)
2024-07-05,7.96999979019165,TDEX.BK ETF อ้างอิง SET50 - TDEX (ตัวแทนตลาด) (Yahoo Finance)
2024-07-08,8.010000228881836,TDEX.BK ETF อ้างอิง SET50 - TDEX (ตัวแทนตลาด) (Yahoo Finance)
2024-07-09,8.010000228881836,TDEX.BK ETF อ้างอิง SET50 - TDEX (ตัวแทนตลาด) (Yahoo Finance)
2024-07-10,8.050000190734863,TDEX.BK ETF อ้างอิง SET50 - TDEX (ตัวแทนตลาด) (Yahoo Finance)
2024-07-11,8.050000190734863,TDEX.BK ETF อ้างอิง SET50 - TDEX (ตัวแทนตลาด) (Yahoo Finance)
2024-07-12,8.050000190734863,TDEX.BK ETF อ้างอิง SET50 - TDEX (ตัวแทนตลาด) (Yahoo Finance)
2024-07-15,8.050000190734863,TDEX.BK ETF อ้างอิง SET50 - TDEX (ตัวแทนตลาด) (Yahoo Finance)
2024-07-16,8.050000190734863,TDEX.BK ETF อ้างอิง SET50 - TDEX (ตัวแทนตลาด) (Yahoo Finance)
2024-07-17,8.050000190734863,TDEX.BK ETF อ้างอิง SET50 - TDEX (ตัวแทนตลาด) (Yahoo Finance)
2024-07-18,8.09000015258789,TDEX.BK ETF อ้างอิง SET50 - TDEX (ตัวแทนตลาด) (Yahoo Finance)
2024-07-19,8.09000015258789,TDEX.BK ETF อ้างอิง SET50 - TDEX (ตัวแทนตลาด) (Yahoo Finance)
2024-07-23,8.09000015258789,TDEX.BK ETF อ้างอิง SET50 - TDEX (ตัวแทนตลาด) (Yahoo Finance)
2024-07-24,7.96999979019165,TDEX.BK ETF อ้างอิง SET50 - TDEX (ตัวแทนตลาด) (Yahoo Finance)
2024-07-25,7.929999828338623,TDEX.BK ETF อ้างอิง SET50 - TDEX (ตัวแทนตลาด) (Yahoo Finance)
2024-07-26,8.010000228881836,TDEX.BK ETF อ้างอิง SET50 - TDEX (ตัวแทนตลาด) (Yahoo Finance)
2024-07-30,8.010000228881836,TDEX.BK ETF อ้างอิง SET50 - TDEX (ตัวแทนตลาด) (Yahoo Finance)
2024-07-31,8.119999885559082,TDEX.BK ETF อ้างอิง SET50 - TDEX (ตัวแทนตลาด) (Yahoo Finance)
2024-08-01,8.119999885559082,TDEX.BK ETF อ้างอิง SET50 - TDEX (ตัวแทนตลาด) (Yahoo Finance)
2024-08-02,8.119999885559082,TDEX.BK ETF อ้างอิง SET50 - TDEX (ตัวแทนตลาด) (Yahoo Finance)
2024-08-05,7.889999866485596,TDEX.BK ETF อ้างอิง SET50 - TDEX (ตัวแทนตลาด) (Yahoo Finance)
2024-08-06,7.889999866485596,TDEX.BK ETF อ้างอิง SET50 - TDEX (ตัวแทนตลาด) (Yahoo Finance)
2024-08-07,7.949999809265137,TDEX.BK ETF อ้างอิง SET50 - TDEX (ตัวแทนตลาด) (Yahoo Finance)
2024-08-08,7.949999809265137,TDEX.BK ETF อ้างอิง SET50 - TDEX (ตัวแทนตลาด) (Yahoo Finance)
2024-08-09,8.010000228881836,TDEX.BK ETF อ้างอิง SET50 - TDEX (ตัวแทนตลาด) (Yahoo Finance)
2024-08-13,8.050000190734863,TDEX.BK ETF อ้างอิง SET50 - TDEX (ตัวแทนตลาด) (Yahoo Finance)
2024-08-14,8.020000457763672,TDEX.BK ETF อ้างอิง SET50 - TDEX (ตัวแทนตลาด) (Yahoo Finance)
2024-08-15,8.020000457763672,TDEX.BK ETF อ้างอิง SET50 - TDEX (ตัวแทนตลาด) (Yahoo Finance)
2024-08-16,8.079999923706055,TDEX.BK ETF อ้างอิง SET50 - TDEX (ตัวแทนตลาด) (Yahoo Finance)
2024-08-19,8.079999923706055,TDEX.BK ETF อ้างอิง SET50 - TDEX (ตัวแทนตลาด) (Yahoo Finance)
2024-08-20,8.220000267028809,TDEX.BK ETF อ้างอิง SET50 - TDEX (ตัวแทนตลาด) (Yahoo Finance)
2024-08-21,8.220000267028809,TDEX.BK ETF อ้างอิง SET50 - TDEX (ตัวแทนตลาด) (Yahoo Finance)
2024-08-22,8.220000267028809,TDEX.BK ETF อ้างอิง SET50 - TDEX (ตัวแทนตลาด) (Yahoo Finance)
2024-08-23,8.34000015258789,TDEX.BK ETF อ้างอิง SET50 - TDEX (ตัวแทนตลาด) (Yahoo Finance)
2024-08-26,8.34000015258789,TDEX.BK ETF อ้างอิง SET50 - TDEX (ตัวแทนตลาด) (Yahoo Finance)
2024-08-27,8.430000305175781,TDEX.BK ETF อ้างอิง SET50 - TDEX (ตัวแทนตลาด) (Yahoo Finance)
2024-08-28,8.430000305175781,TDEX.BK ETF อ้างอิง SET50 - TDEX (ตัวแทนตลาด) (Yahoo Finance)
2024-08-29,8.399999618530273,TDEX.BK ETF อ้างอิง SET50 - TDEX (ตัวแทนตลาด) (Yahoo Finance)
2024-08-30,8.399999618530273,TDEX.BK ETF อ้างอิง SET50 - TDEX (ตัวแทนตลาด) (Yahoo Finance)
2024-09-02,8.399999618530273,TDEX.BK ETF อ้างอิง SET50 - TDEX (ตัวแทนตลาด) (Yahoo Finance)
2024-09-03,8.399999618530273,TDEX.BK ETF อ้างอิง SET50 - TDEX (ตัวแทนตลาด) (Yahoo Finance)
2024-09-04,8.399999618530273,TDEX.BK ETF อ้างอิง SET50 - TDEX (ตัวแทนตลาด) (Yahoo Finance)
2024-09-05,8.710000038146973,TDEX.BK ETF อ้างอิง SET50 - TDEX (ตัวแทนตลาด) (Yahoo Finance)
2024-09-06,8.890000343322754,TDEX.BK ETF อ้างอิง SET50 - TDEX (ตัวแทนตลาด) (Yahoo Finance)
2024-09-09,8.890000343322754,TDEX.BK ETF อ้างอิง SET50 - TDEX (ตัวแทนตลาด) (Yahoo Finance)
2024-09-10,8.850000381469727,TDEX.BK ETF อ้างอิง SET50 - TDEX (ตัวแทนตลาด) (Yahoo Finance)
2024-09-11,8.850000381469727,TDEX.BK ETF อ้างอิง SET50 - TDEX (ตัวแทนตลาด) (Yahoo Finance)
2024-09-12,8.829999923706055,TDEX.BK ETF อ้างอิง SET50 - TDEX (ตัวแทนตลาด) (Yahoo Finance)
2024-09-13,8.84000015258789,TDEX.BK ETF อ้างอิง SET50 - TDEX (ตัวแทนตลาด) (Yahoo Finance)
2024-09-16,8.84000015258789,TDEX.BK ETF อ้างอิง SET50 - TDEX (ตัวแทนตลาด) (Yahoo Finance)
2024-09-17,8.84000015258789,TDEX.BK ETF อ้างอิง SET50 - TDEX (ตัวแทนตลาด) (Yahoo Finance)
2024-09-18,8.84000015258789,TDEX.BK ETF อ้างอิง SET50 - TDEX (ตัวแทนตลาด) (Yahoo Finance)
2024-09-19,8.84000015258789,TDEX.BK ETF อ้างอิง SET50 - TDEX (ตัวแทนตลาด) (Yahoo Finance)
2024-09-20,8.84000015258789,TDEX.BK ETF อ้างอิง SET50 - TDEX (ตัวแทนตลาด) (Yahoo Finance)
2024-09-23,8.84000015258789,TDEX.BK ETF อ้างอิง SET50 - TDEX (ตัวแทนตลาด) (Yahoo Finance)
2024-09-24,9.050000190734863,TDEX.BK ETF อ้างอิง SET50 - TDEX (ตัวแทนตลาด) (Yahoo Finance)
2024-09-25,9.06999969482422,TDEX.BK ETF อ้างอิง SET50 - TDEX (ตัวแทนตลาด) (Yahoo Finance)
2024-09-26,9.029999732971191,TDEX.BK ETF อ้างอิง SET50 - TDEX (ตัวแทนตลาด) (Yahoo Finance)
2024-09-27,9.029999732971191,TDEX.BK ETF อ้างอิง SET50 - TDEX (ตัวแทนตลาด) (Yahoo Finance)
2024-09-30,8.970000267028809,TDEX.BK ETF อ้างอิง SET50 - TDEX (ตัวแทนตลาด) (Yahoo Finance)
2024-10-01,8.970000267028809,TDEX.BK ETF อ้างอิง SET50 - TDEX (ตัวแทนตลาด) (Yahoo Finance)
2024-10-02,9.020000457763672,TDEX.BK ETF อ้างอิง SET50 - TDEX (ตัวแทนตลาด) (Yahoo Finance)
2024-10-03,9.020000457763672,TDEX.BK ETF อ้างอิง SET50 - TDEX (ตัวแทนตลาด) (Yahoo Finance)
2024-10-04,9.020000457763672,TDEX.BK ETF อ้างอิง SET50 - TDEX (ตัวแทนตลาด) (Yahoo Finance)
2024-10-07,9.020000457763672,TDEX.BK ETF อ้างอิง SET50 - TDEX (ตัวแทนตลาด) (Yahoo Finance)
2024-10-08,9.0600004196167,TDEX.BK ETF อ้างอิง SET50 - TDEX (ตัวแทนตลาด) (Yahoo Finance)
2024-10-09,9.06999969482422,TDEX.BK ETF อ้างอิง SET50 - TDEX (ตัวแทนตลาด) (Yahoo Finance)
2024-10-10,9.18000030517578,TDEX.BK ETF อ้างอิง SET50 - TDEX (ตัวแทนตลาด) (Yahoo Finance)
2024-10-11,9.18000030517578,TDEX.BK ETF อ้างอิง SET50 - TDEX (ตัวแทนตลาด) (Yahoo Finance)
2024-10-15,9.18000030517578,TDEX.BK ETF อ้างอิง SET50 - TDEX (ตัวแทนตลาด) (Yahoo Finance)
2024-10-16,9.18000030517578,TDEX.BK ETF อ้างอิง SET50 - TDEX (ตัวแทนตลาด) (Yahoo Finance)
2024-10-17,9.18000030517578,TDEX.BK ETF อ้างอิง SET50 - TDEX (ตัวแทนตลาด) (Yahoo Finance)
2024-10-18,9.380000114440918,TDEX.BK ETF อ้างอิง SET50 - TDEX (ตัวแทนตลาด) (Yahoo Finance)
2024-10-21,9.350000381469728,TDEX.BK ETF อ้างอิง SET50 - TDEX (ตัวแทนตลาด) (Yahoo Finance)
2024-10-22,9.350000381469728,TDEX.BK ETF อ้างอิง SET50 - TDEX (ตัวแทนตลาด) (Yahoo Finance)
2024-10-24,9.229999542236328,TDEX.BK ETF อ้างอิง SET50 - TDEX (ตัวแทนตลาด) (Yahoo Finance)
2024-10-25,9.229999542236328,TDEX.BK ETF อ้างอิง SET50 - TDEX (ตัวแทนตลาด) (Yahoo Finance)
2024-10-28,9.130000114440918,TDEX.BK ETF อ้างอิง SET50 - TDEX (ตัวแทนตลาด) (Yahoo Finance)
2024-10-29,9.130000114440918,TDEX.BK ETF อ้างอิง SET50 - TDEX (ตัวแทนตลาด) (Yahoo Finance)
2024-10-30,9.100000381469728,TDEX.BK ETF อ้างอิง SET50 - TDEX (ตัวแทนตลาด) (Yahoo Finance)
2024-10-31,9.100000381469728,TDEX.BK ETF อ้างอิง SET50 - TDEX (ตัวแทนตลาด) (Yahoo Finance)
2024-11-01,9.100000381469728,TDEX.BK ETF อ้างอิง SET50 - TDEX (ตัวแทนตลาด) (Yahoo Finance)
2024-11-04,9.210000038146973,TDEX.BK ETF อ้างอิง SET50 - TDEX (ตัวแทนตลาด) (Yahoo Finance)
2024-11-05,9.359999656677246,TDEX.BK ETF อ้างอิง SET50 - TDEX (ตัวแทนตลาด) (Yahoo Finance)
2024-11-06,9.279999732971191,TDEX.BK ETF อ้างอิง SET50 - TDEX (ตัวแทนตลาด) (Yahoo Finance)
2024-11-07,9.3100004196167,TDEX.BK ETF อ้างอิง SET50 - TDEX (ตัวแทนตลาด) (Yahoo Finance)
2024-11-08,9.260000228881836,TDEX.BK ETF อ้างอิง SET50 - TDEX (ตัวแทนตลาด) (Yahoo Finance)
2024-11-11,9.210000038146973,TDEX.BK ETF อ้างอิง SET50 - TDEX (ตัวแทนตลาด) (Yahoo Finance)
2024-11-12,9.149999618530272,TDEX.BK ETF อ้างอิง SET50 - TDEX (ตัวแทนตลาด) (Yahoo Finance)
2024-11-13,9.220000267028809,TDEX.BK ETF อ้างอิง SET50 - TDEX (ตัวแทนตลาด) (Yahoo Finance)
2024-11-14,9.1899995803833,TDEX.BK ETF อ้างอิง SET50 - TDEX (ตัวแทนตลาด) (Yahoo Finance)
2024-11-15,9.15999984741211,TDEX.BK ETF อ้างอิง SET50 - TDEX (ตัวแทนตลาด) (Yahoo Finance)
2024-11-18,9.210000038146973,TDEX.BK ETF อ้างอิง SET50 - TDEX (ตัวแทนตลาด) (Yahoo Finance)
2024-11-19,9.289999961853027,TDEX.BK ETF อ้างอิง SET50 - TDEX (ตัวแทนตลาด) (Yahoo Finance)
2024-11-20,9.300000190734863,TDEX.BK ETF อ้างอิง SET50 - TDEX (ตัวแทนตลาด) (Yahoo Finance)
2024-11-21,9.15999984741211,TDEX.BK ETF อ้างอิง SET50 - TDEX (ตัวแทนตลาด) (Yahoo Finance)
2024-11-22,9.170000076293944,TDEX.BK ETF อ้างอิง SET50 - TDEX (ตัวแทนตลาด) (Yahoo Finance)
2024-11-25,9.1899995803833,TDEX.BK ETF อ้างอิง SET50 - TDEX (ตัวแทนตลาด) (Yahoo Finance)
2024-11-26,9.15999984741211,TDEX.BK ETF อ้างอิง SET50 - TDEX (ตัวแทนตลาด) (Yahoo Finance)
2024-11-27,9.100000381469728,TDEX.BK ETF อ้างอิง SET50 - TDEX (ตัวแทนตลาด) (Yahoo Finance)
2024-11-28,9.079999923706056,TDEX.BK ETF อ้างอิง SET50 - TDEX (ตัวแทนตลาด) (Yahoo Finance)
2024-11-29,9.079999923706056,TDEX.BK ETF อ้างอิง SET50 - TDEX (ตัวแทนตลาด) (Yahoo Finance)
2024-12-02,9.109999656677246,TDEX.BK ETF อ้างอิง SET50 - TDEX (ตัวแทนตลาด) (Yahoo Finance)
2024-12-03,9.220000267028809,TDEX.BK ETF อ้างอิง SET50 - TDEX (ตัวแทนตลาด) (Yahoo Finance)
2024-12-04,9.210000038146973,TDEX.BK ETF อ้างอิง SET50 - TDEX (ตัวแทนตลาด) (Yahoo Finance)
2024-12-06,9.210000038146973,TDEX.BK ETF อ้างอิง SET50 - TDEX (ตัวแทนตลาด) (Yahoo Finance)
2024-12-09,9.199999809265137,TDEX.BK ETF อ้างอิง SET50 - TDEX (ตัวแทนตลาด) (Yahoo Finance)
2024-12-11,9.1899995803833,TDEX.BK ETF อ้างอิง SET50 - TDEX (ตัวแทนตลาด) (Yahoo Finance)
2024-12-12,9.140000343322754,TDEX.BK ETF อ้างอิง SET50 - TDEX (ตัวแทนตลาด) (Yahoo Finance)
2024-12-13,9.119999885559082,TDEX.BK ETF อ้างอิง SET50 - TDEX (ตัวแทนตลาด) (Yahoo Finance)
2024-12-16,9.039999961853027,TDEX.BK ETF อ้างอิง SET50 - TDEX (ตัวแทนตลาด) (Yahoo Finance)
2024-12-17,8.9399995803833,TDEX.BK ETF อ้างอิง SET50 - TDEX (ตัวแทนตลาด) (Yahoo Finance)
2024-12-18,8.869999885559082,TDEX.BK ETF อ้างอิง SET50 - TDEX (ตัวแทนตลาด) (Yahoo Finance)
2024-12-19,8.770000457763672,TDEX.BK ETF อ้างอิง SET50 - TDEX (ตัวแทนตลาด) (Yahoo Finance)
2024-12-20,8.6899995803833,TDEX.BK ETF อ้างอิง SET50 - TDEX (ตัวแทนตลาด) (Yahoo Finance)
2024-12-23,8.869999885559082,TDEX.BK ETF อ้างอิง SET50 - TDEX (ตัวแทนตลาด) (Yahoo Finance)
2024-12-24,8.899999618530273,TDEX.BK ETF อ้างอิง SET50 - TDEX (ตัวแทนตลาด) (Yahoo Finance)
2024-12-25,8.949999809265137,TDEX.BK ETF อ้างอิง SET50 - TDEX (ตัวแทนตลาด) (Yahoo Finance)
2024-12-26,8.899999618530273,TDEX.BK ETF อ้างอิง SET50 - TDEX (ตัวแทนตลาด) (Yahoo Finance)
2024-12-27,8.949999809265137,TDEX.BK ETF อ้างอิง SET50 - TDEX (ตัวแทนตลาด) (Yahoo Finance)
2024-12-30,8.9399995803833,TDEX.BK ETF อ้างอิง SET50 - TDEX (ตัวแทนตลาด) (Yahoo Finance)
2025-01-02,8.800000190734863,TDEX.BK ETF อ้างอิง SET50 - TDEX (ตัวแทนตลาด) (Yahoo Finance)
2025-01-03,8.829999923706055,TDEX.BK ETF อ้างอิง SET50 - TDEX (ตัวแทนตลาด) (Yahoo Finance)
2025-01-06,8.789999961853027,TDEX.BK ETF อ้างอิง SET50 - TDEX (ตัวแทนตลาด) (Yahoo Finance)
2025-01-07,8.899999618530273,TDEX.BK ETF อ้างอิง SET50 - TDEX (ตัวแทนตลาด) (Yahoo Finance)
2025-01-08,8.890000343322754,TDEX.BK ETF อ้างอิง SET50 - TDEX (ตัวแทนตลาด) (Yahoo Finance)
2025-01-09,8.789999961853027,TDEX.BK ETF อ้างอิง SET50 - TDEX (ตัวแทนตลาด) (Yahoo Finance)
2025-01-10,8.800000190734863,TDEX.BK ETF อ้างอิง SET50 - TDEX (ตัวแทนตลาด) (Yahoo Finance)
2025-01-13,8.729999542236328,TDEX.BK ETF อ้างอิง SET50 - TDEX (ตัวแทนตลาด) (Yahoo Finance)
2025-01-14,8.649999618530273,TDEX.BK ETF อ้างอิง SET50 - TDEX (ตัวแทนตลาด) (Yahoo Finance)
2025-01-15,8.6899995803833,TDEX.BK ETF อ้างอิง SET50 - TDEX (ตัวแทนตลาด) (Yahoo Finance)
2025-01-16,8.729999542236328,TDEX.BK ETF อ้างอิง SET50 - TDEX (ตัวแทนตลาด) (Yahoo Finance)
2025-01-17,8.649999618530273,TDEX.BK ETF อ้างอิง SET50 - TDEX (ตัวแทนตลาด) (Yahoo Finance)
2025-01-20,8.680000305175781,TDEX.BK ETF อ้างอิง SET50 - TDEX (ตัวแทนตลาด) (Yahoo Finance)
2025-01-21,8.739999771118164,TDEX.BK ETF อ้างอิง SET50 - TDEX (ตัวแทนตลาด) (Yahoo Finance)
2025-01-22,8.800000190734863,TDEX.BK ETF อ้างอิง SET50 - TDEX (ตัวแทนตลาด) (Yahoo Finance)
2025-01-23,8.710000038146973,TDEX.BK ETF อ้างอิง SET50 - TDEX (ตัวแทนตลาด) (Yahoo Finance)
2025-01-24,8.729999542236328,TDEX.BK ETF อ้างอิง SET50 - TDEX (ตัวแทนตลาด) (Yahoo Finance)
2025-01-27,8.649999618530273,TDEX.BK ETF อ้างอิง SET50 - TDEX (ตัวแทนตลาด) (Yahoo Finance)
2025-01-28,8.65999984741211,TDEX.BK ETF อ้างอิง SET50 - TDEX (ตัวแทนตลาด) (Yahoo Finance)
2025-01-29,8.65999984741211,TDEX.BK ETF อ้างอิง SET50 - TDEX (ตัวแทนตลาด) (Yahoo Finance)
2025-01-30,8.609999656677246,TDEX.BK ETF อ้างอิง SET50 - TDEX (ตัวแทนตลาด) (Yahoo Finance)
2025-01-31,8.1899995803833,TDEX.BK ETF อ้างอิง SET50 - TDEX (ตัวแทนตลาด) (Yahoo Finance)
2025-02-03,8.100000381469727,TDEX.BK ETF อ้างอิง SET50 - TDEX (ตัวแทนตลาด) (Yahoo Finance)
2025-02-04,8.119999885559082,TDEX.BK ETF อ้างอิง SET50 - TDEX (ตัวแทนตลาด) (Yahoo Finance)
2025-02-05,8.010000228881836,TDEX.BK ETF อ้างอิง SET50 - TDEX (ตัวแทนตลาด) (Yahoo Finance)
2025-02-06,7.869999885559082,TDEX.BK ETF อ้างอิง SET50 - TDEX (ตัวแทนตลาด) (Yahoo Finance)
2025-02-07,7.96999979019165,TDEX.BK ETF อ้างอิง SET50 - TDEX (ตัวแทนตลาด) (Yahoo Finance)
2025-02-10,7.909999847412109,TDEX.BK ETF อ้างอิง SET50 - TDEX (ตัวแทนตลาด) (Yahoo Finance)
2025-02-11,8.0,TDEX.BK ETF อ้างอิง SET50 - TDEX (ตัวแทนตลาด) (Yahoo Finance)
2025-02-13,8.020000457763672,TDEX.BK ETF อ้างอิง SET50 - TDEX (ตัวแทนตลาด) (Yahoo Finance)
2025-02-14,7.920000076293945,TDEX.BK ETF อ้างอิง SET50 - TDEX (ตัวแทนตลาด) (Yahoo Finance)
2025-02-17,7.730000019073486,TDEX.BK ETF อ้างอิง SET50 - TDEX (ตัวแทนตลาด) (Yahoo Finance)
2025-02-18,7.739999771118164,TDEX.BK ETF อ้างอิง SET50 - TDEX (ตัวแทนตลาด) (Yahoo Finance)
2025-02-19,7.75,TDEX.BK ETF อ้างอิง SET50 - TDEX (ตัวแทนตลาด) (Yahoo Finance)
2025-02-20,7.619999885559082,TDEX.BK ETF อ้างอิง SET50 - TDEX (ตัวแทนตลาด) (Yahoo Finance)
2025-02-21,7.630000114440918,TDEX.BK ETF อ้างอิง SET50 - TDEX (ตัวแทนตลาด) (Yahoo Finance)
2025-02-24,7.550000190734863,TDEX.BK ETF อ้างอิง SET50 - TDEX (ตัวแทนตลาด) (Yahoo Finance)
2025-02-25,7.389999866485596,TDEX.BK ETF อ้างอิง SET50 - TDEX (ตัวแทนตลาด) (Yahoo Finance)
2025-02-26,7.539999961853027,TDEX.BK ETF อ้างอิง SET50 - TDEX (ตัวแทนตลาด) (Yahoo Finance)
2025-02-27,7.440000057220459,TDEX.BK ETF อ้างอิง SET50 - TDEX (ตัวแทนตลาด) (Yahoo Finance)
2025-02-28,7.360000133514404,TDEX.BK ETF อ้างอิง SET50 - TDEX (ตัวแทนตลาด) (Yahoo Finance)
2025-03-03,7.309999942779541,TDEX.BK ETF อ้างอิง SET50 - TDEX (ตัวแทนตลาด) (Yahoo Finance)
2025-03-04,7.150000095367432,TDEX.BK ETF อ้างอิง SET50 - TDEX (ตัวแทนตลาด) (Yahoo Finance)
2025-03-05,7.320000171661377,TDEX.BK ETF อ้างอิง SET50 - TDEX (ตัวแทนตลาด) (Yahoo Finance)
2025-03-06,7.269999980926514,TDEX.BK ETF อ้างอิง SET50 - TDEX (ตัวแทนตลาด) (Yahoo Finance)
2025-03-07,7.340000152587891,TDEX.BK ETF อ้างอิง SET50 - TDEX (ตัวแทนตลาด) (Yahoo Finance)
2025-03-10,7.210000038146973,TDEX.BK ETF อ้างอิง SET50 - TDEX (ตัวแทนตลาด) (Yahoo Finance)
2025-03-11,7.239999771118164,TDEX.BK ETF อ้างอิง SET50 - TDEX (ตัวแทนตลาด) (Yahoo Finance)
2025-03-12,7.090000152587891,TDEX.BK ETF อ้างอิง SET50 - TDEX (ตัวแทนตลาด) (Yahoo Finance)
2025-03-13,7.070000171661377,TDEX.BK ETF อ้างอิง SET50 - TDEX (ตัวแทนตลาด) (Yahoo Finance)
2025-03-14,7.170000076293945,TDEX.BK ETF อ้างอิง SET50 - TDEX (ตัวแทนตลาด) (Yahoo Finance)
2025-03-17,7.139999866485596,TDEX.BK ETF อ้างอิง SET50 - TDEX (ตัวแทนตลาด) (Yahoo Finance)
2025-03-18,7.199999809265137,TDEX.BK ETF อ้างอิง SET50 - TDEX (ตัวแทนตลาด) (Yahoo Finance)
2025-03-19,7.289999961853027,TDEX.BK ETF อ้างอิง SET50 - TDEX (ตัวแทนตลาด) (Yahoo Finance)
2025-03-20,7.199999809265137,TDEX.BK ETF อ้างอิง SET50 - TDEX (ตัวแทนตลาด) (Yahoo Finance)
2025-03-21,7.28000020980835,TDEX.BK ETF อ้างอิง SET50 - TDEX (ตัวแทนตลาด) (Yahoo Finance)
2025-03-24,7.300000190734863,TDEX.BK ETF อ้างอิง SET50 - TDEX (ตัวแทนตลาด) (Yahoo Finance)
2025-03-25,7.269999980926514,TDEX.BK ETF อ้างอิง SET50 - TDEX (ตัวแทนตลาด) (Yahoo Finance)
2025-03-26,7.320000171661377,TDEX.BK ETF อ้างอิง SET50 - TDEX (ตัวแทนตลาด) (Yahoo Finance)
2025-03-27,7.289999961853027,TDEX.BK ETF อ้างอิง SET50 - TDEX (ตัวแทนตลาด) (Yahoo Finance)
2025-03-28,7.230000019073486,TDEX.BK ETF อ้างอิง SET50 - TDEX (ตัวแทนตลาด) (Yahoo Finance)
2025-03-31,7.170000076293945,TDEX.BK ETF อ้างอิง SET50 - TDEX (ตัวแทนตลาด) (Yahoo Finance)
2025-04-01,7.210000038146973,TDEX.BK ETF อ้างอิง SET50 - TDEX (ตัวแทนตลาด) (Yahoo Finance)
2025-04-02,7.239999771118164,TDEX.BK ETF อ้างอิง SET50 - TDEX (ตัวแทนตลาด) (Yahoo Finance)
2025-04-03,7.170000076293945,TDEX.BK ETF อ้างอิง SET50 - TDEX (ตัวแทนตลาด) (Yahoo Finance)
2025-04-04,6.96999979019165,TDEX.BK ETF อ้างอิง SET50 - TDEX (ตัวแทนตลาด) (Yahoo Finance)
2025-04-08,6.650000095367432,TDEX.BK ETF อ้างอิง SET50 - TDEX (ตัวแทนตลาด) (Yahoo Finance)
2025-04-09,6.739999771118164,TDEX.BK ETF อ้างอิง SET50 - TDEX (ตัวแทนตลาด) (Yahoo Finance)
2025-04-10,7.090000152587891,TDEX.BK ETF อ้างอิง SET50 - TDEX (ตัวแทนตลาด) (Yahoo Finance)
2025-04-11,7.010000228881836,TDEX.BK ETF อ้างอิง SET50 - TDEX (ตัวแทนตลาด) (Yahoo Finance)
2025-04-16,7.070000171661377,TDEX.BK ETF อ้างอิง SET50 - TDEX (ตัวแทนตลาด) (Yahoo Finance)
2025-04-17,7.119999885559082,TDEX.BK ETF อ้างอิง SET50 - TDEX (ตัวแทนตลาด) (Yahoo Finance)
2025-04-18,7.150000095367432,TDEX.BK ETF อ้างอิง SET50 - TDEX (ตัวแทนตลาด) (Yahoo Finance)
2025-04-21,7.050000190734863,TDEX.BK ETF อ้างอิง SET50 - TDEX (ตัวแทนตลาด) (Yahoo Finance)
2025-04-22,7.090000152587891,TDEX.BK ETF อ้างอิง SET50 - TDEX (ตัวแทนตลาด) (Yahoo Finance)
2025-04-23,7.170000076293945,TDEX.BK ETF อ้างอิง SET50 - TDEX (ตัวแทนตลาด) (Yahoo Finance)
2025-04-24,7.150000095367432,TDEX.BK ETF อ้างอิง SET50 - TDEX (ตัวแทนตลาด) (Yahoo Finance)
2025-04-25,7.199999809265137,TDEX.BK ETF อ้างอิง SET50 - TDEX (ตัวแทนตลาด) (Yahoo Finance)
2025-04-28,7.239999771118164,TDEX.BK ETF อ้างอิง SET50 - TDEX (ตัวแทนตลาด) (Yahoo Finance)
2025-04-29,7.320000171661377,TDEX.BK ETF อ้างอิง SET50 - TDEX (ตัวแทนตลาด) (Yahoo Finance)
2025-04-30,7.5,TDEX.BK ETF อ้างอิง SET50 - TDEX (ตัวแทนตลาด) (Yahoo Finance)
2025-05-02,7.550000190734863,TDEX.BK ETF อ้างอิง SET50 - TDEX (ตัวแทนตลาด) (Yahoo Finance)
2025-05-06,7.5,TDEX.BK ETF อ้างอิง SET50 - TDEX (ตัวแทนตลาด) (Yahoo Finance)
2025-05-07,7.679999828338623,TDEX.BK ETF อ้างอิง SET50 - TDEX (ตัวแทนตลาด) (Yahoo Finance)
2025-05-08,7.619999885559082,TDEX.BK ETF อ้างอิง SET50 - TDEX (ตัวแทนตลาด) (Yahoo Finance)
2025-05-09,7.670000076293945,TDEX.BK ETF อ้างอิง SET50 - TDEX (ตัวแทนตลาด) (Yahoo Finance)
2025-05-13,7.659999847412109,TDEX.BK ETF อ้างอิง SET50 - TDEX (ตัวแทนตลาด) (Yahoo Finance)
2025-05-14,7.710000038146973,TDEX.BK ETF อ้างอิง SET50 - TDEX (ตัวแทนตลาด) (Yahoo Finance)
2025-05-15,7.590000152587891,TDEX.BK ETF อ้างอิง SET50 - TDEX (ตัวแทนตลาด) (Yahoo Finance)
2025-05-16,7.559999942779541,TDEX.BK ETF อ้างอิง SET50 - TDEX (ตัวแทนตลาด) (Yahoo Finance)
2025-05-19,7.559999942779541,TDEX.BK ETF อ้างอิง SET50 - TDEX (ตัวแทนตลาด) (Yahoo Finance)
2025-05-20,7.590000152587891,TDEX.BK ETF อ้างอิง SET50 - TDEX (ตัวแทนตลาด) (Yahoo Finance)
2025-05-21,7.510000228881836,TDEX.BK ETF อ้างอิง SET50 - TDEX (ตัวแทนตลาด) (Yahoo Finance)
2025-05-22,7.480000019073486,TDEX.BK ETF อ้างอิง SET50 - TDEX (ตัวแทนตลาด) (Yahoo Finance)
2025-05-23,7.5,TDEX.BK ETF อ้างอิง SET50 - TDEX (ตัวแทนตลาด) (Yahoo Finance)
2025-05-26,7.510000228881836,TDEX.BK ETF อ้างอิง SET50 - TDEX (ตัวแทนตลาด) (Yahoo Finance)
2025-05-27,7.420000076293945,TDEX.BK ETF อ้างอิง SET50 - TDEX (ตัวแทนตลาด) (Yahoo Finance)
2025-05-28,7.409999847412109,TDEX.BK ETF อ้างอิง SET50 - TDEX (ตัวแทนตลาด) (Yahoo Finance)
2025-05-29,7.420000076293945,TDEX.BK ETF อ้างอิง SET50 - TDEX (ตัวแทนตลาด) (Yahoo Finance)
2025-05-30,7.300000190734863,TDEX.BK ETF อ้างอิง SET50 - TDEX (ตัวแทนตลาด) (Yahoo Finance)
2025-06-04,7.179999828338623,TDEX.BK ETF อ้างอิง SET50 - TDEX (ตัวแทนตลาด) (Yahoo Finance)
2025-06-05,7.239999771118164,TDEX.BK ETF อ้างอิง SET50 - TDEX (ตัวแทนตลาด) (Yahoo Finance)
2025-06-06,7.190000057220459,TDEX.BK ETF อ้างอิง SET50 - TDEX (ตัวแทนตลาด) (Yahoo Finance)
2025-06-09,7.199999809265137,TDEX.BK ETF อ้างอิง SET50 - TDEX (ตัวแทนตลาด) (Yahoo Finance)
2025-06-10,7.25,TDEX.BK ETF อ้างอิง SET50 - TDEX (ตัวแทนตลาด) (Yahoo Finance)
2025-06-11,7.239999771118164,TDEX.BK ETF อ้างอิง SET50 - TDEX (ตัวแทนตลาด) (Yahoo Finance)
2025-06-12,7.150000095367432,TDEX.BK ETF อ้างอิง SET50 - TDEX (ตัวแทนตลาด) (Yahoo Finance)
2025-06-13,7.150000095367432,TDEX.BK ETF อ้างอิง SET50 - TDEX (ตัวแทนตลาด) (Yahoo Finance)
2025-06-16,7.110000133514404,TDEX.BK ETF อ้างอิง SET50 - TDEX (ตัวแทนตลาด) (Yahoo Finance)
2025-06-17,7.110000133514404,TDEX.BK ETF อ้างอิง SET50 - TDEX (ตัวแทนตลาด) (Yahoo Finance)
2025-06-18,6.989999771118164,TDEX.BK ETF อ้างอิง SET50 - TDEX (ตัวแทนตลาด) (Yahoo Finance)
2025-06-19,6.840000152587891,TDEX.BK ETF อ้างอิง SET50 - TDEX (ตัวแทนตลาด) (Yahoo Finance)
2025-06-20,6.829999923706055,TDEX.BK ETF อ้างอิง SET50 - TDEX (ตัวแทนตลาด) (Yahoo Finance)
2025-06-23,6.800000190734863,TDEX.BK ETF อ้างอิง SET50 - TDEX (ตัวแทนตลาด) (Yahoo Finance)
2025-06-24,7.050000190734863,TDEX.BK ETF อ้างอิง SET50 - TDEX (ตัวแทนตลาด) (Yahoo Finance)
2025-06-25,7.110000133514404,TDEX.BK ETF อ้างอิง SET50 - TDEX (ตัวแทนตลาด) (Yahoo Finance)
2025-06-26,7.070000171661377,TDEX.BK ETF อ้างอิง SET50 - TDEX (ตัวแทนตลาด) (Yahoo Finance)
2025-06-27,6.909999847412109,TDEX.BK ETF อ้างอิง SET50 - TDEX (ตัวแทนตลาด) (Yahoo Finance)
2025-06-30,6.949999809265137,TDEX.BK ETF อ้างอิง SET50 - TDEX (ตัวแทนตลาด) (Yahoo Finance)
2025-07-01,7.090000152587891,TDEX.BK ETF อ้างอิง SET50 - TDEX (ตัวแทนตลาด) (Yahoo Finance)
2025-07-02,7.079999923706055,TDEX.BK ETF อ้างอิง SET50 - TDEX (ตัวแทนตลาด) (Yahoo Finance)
2025-07-03,7.139999866485596,TDEX.BK ETF อ้างอิง SET50 - TDEX (ตัวแทนตลาด) (Yahoo Finance)
2025-07-04,7.070000171661377,TDEX.BK ETF อ้างอิง SET50 - TDEX (ตัวแทนตลาด) (Yahoo Finance)
2025-07-07,7.099999904632568,TDEX.BK ETF อ้างอิง SET50 - TDEX (ตัวแทนตลาด) (Yahoo Finance)
2025-07-08,7.090000152587891,TDEX.BK ETF อ้างอิง SET50 - TDEX (ตัวแทนตลาด) (Yahoo Finance)
2025-07-09,7.050000190734863,TDEX.BK ETF อ้างอิง SET50 - TDEX (ตัวแทนตลาด) (Yahoo Finance)
2025-07-11,7.150000095367432,TDEX.BK ETF อ้างอิง SET50 - TDEX (ตัวแทนตลาด) (Yahoo Finance)
2025-07-14,7.239999771118164,TDEX.BK ETF อ้างอิง SET50 - TDEX (ตัวแทนตลาด) (Yahoo Finance)
2025-07-15,7.380000114440918,TDEX.BK ETF อ้างอิง SET50 - TDEX (ตัวแทนตลาด) (Yahoo Finance)
2025-07-16,7.380000114440918,TDEX.BK ETF อ้างอิง SET50 - TDEX (ตัวแทนตลาด) (Yahoo Finance)
2025-07-17,7.610000133514404,TDEX.BK ETF อ้างอิง SET50 - TDEX (ตัวแทนตลาด) (Yahoo Finance)
2025-07-18,7.710000038146973,TDEX.BK ETF อ้างอิง SET50 - TDEX (ตัวแทนตลาด) (Yahoo Finance)
2025-07-21,7.699999809265137,TDEX.BK ETF อ้างอิง SET50 - TDEX (ตัวแทนตลาด) (Yahoo Finance)
2025-07-22,7.610000133514404,TDEX.BK ETF อ้างอิง SET50 - TDEX (ตัวแทนตลาด) (Yahoo Finance)
2025-07-23,7.800000190734863,TDEX.BK ETF อ้างอิง SET50 - TDEX (ตัวแทนตลาด) (Yahoo Finance)
2025-07-24,7.760000228881836,TDEX.BK ETF อ้างอิง SET50 - TDEX (ตัวแทนตลาด) (Yahoo Finance)
2025-07-25,7.769999980926514,TDEX.BK ETF อ้างอิง SET50 - TDEX (ตัวแทนตลาด) (Yahoo Finance)
2025-07-29,7.889999866485596,TDEX.BK ETF อ้างอิง SET50 - TDEX (ตัวแทนตลาด) (Yahoo Finance)
2025-07-30,7.949999809265137,TDEX.BK ETF อ้างอิง SET50 - TDEX (ตัวแทนตลาด) (Yahoo Finance)
2025-07-31,7.960000038146973,TDEX.BK ETF อ้างอิง SET50 - TDEX (ตัวแทนตลาด) (Yahoo Finance)
2025-08-01,7.75,TDEX.BK ETF อ้างอิง SET50 - TDEX (ตัวแทนตลาด) (Yahoo Finance)
2025-08-04,7.869999885559082,TDEX.BK ETF อ้างอิง SET50 - TDEX (ตัวแทนตลาด) (Yahoo Finance)
2025-08-05,7.949999809265137,TDEX.BK ETF อ้างอิง SET50 - TDEX (ตัวแทนตลาด) (Yahoo Finance)
2025-08-06,8.020000457763672,TDEX.BK ETF อ้างอิง SET50 - TDEX (ตัวแทนตลาด) (Yahoo Finance)
2025-08-07,8.029999732971191,TDEX.BK ETF อ้างอิง SET50 - TDEX (ตัวแทนตลาด) (Yahoo Finance)
2025-08-08,8.010000228881836,TDEX.BK ETF อ้างอิง SET50 - TDEX (ตัวแทนตลาด) (Yahoo Finance)
2025-08-13,8.079999923706055,TDEX.BK ETF อ้างอิง SET50 - TDEX (ตัวแทนตลาด) (Yahoo Finance)
2025-08-14,8.029999732971191,TDEX.BK ETF อ้างอิง SET50 - TDEX (ตัวแทนตลาด) (Yahoo Finance)
2025-08-15,8.0,TDEX.BK ETF อ้างอิง SET50 - TDEX (ตัวแทนตลาด) (Yahoo Finance)
2025-08-18,7.960000038146973,TDEX.BK ETF อ้างอิง SET50 - TDEX (ตัวแทนตลาด) (Yahoo Finance)
2025-08-19,7.900000095367432,TDEX.BK ETF อ้างอิง SET50 - TDEX (ตัวแทนตลาด) (Yahoo Finance)
2025-08-20,7.989999771118164,TDEX.BK ETF อ้างอิง SET50 - TDEX (ตัวแทนตลาด) (Yahoo Finance)
2025-08-21,8.0,TDEX.BK ETF อ้างอิง SET50 - TDEX (ตัวแทนตลาด) (Yahoo Finance)
2025-08-22,8.050000190734863,TDEX.BK ETF อ้างอิง SET50 - TDEX (ตัวแทนตลาด) (Yahoo Finance)
2025-08-25,8.079999923706055,TDEX.BK ETF อ้างอิง SET50 - TDEX (ตัวแทนตลาด) (Yahoo Finance)
2025-08-26,8.0,TDEX.BK ETF อ้างอิง SET50 - TDEX (ตัวแทนตลาด) (Yahoo Finance)
2025-08-27,8.029999732971191,TDEX.BK ETF อ้างอิง SET50 - TDEX (ตัวแทนตลาด) (Yahoo Finance)
2025-08-28,8.039999961853027,TDEX.BK ETF อ้างอิง SET50 - TDEX (ตัวแทนตลาด) (Yahoo Finance)
2025-08-29,7.929999828338623,TDEX.BK ETF อ้างอิง SET50 - TDEX (ตัวแทนตลาด) (Yahoo Finance)
2025-09-01,7.960000038146973,TDEX.BK ETF อ้างอิง SET50 - TDEX (ตัวแทนตลาด) (Yahoo Finance)
2025-09-02,7.989999771118164,TDEX.BK ETF อ้างอิง SET50 - TDEX (ตัวแทนตลาด) (Yahoo Finance)
2025-09-03,8.0600004196167,TDEX.BK ETF อ้างอิง SET50 - TDEX (ตัวแทนตลาด) (Yahoo Finance)
2025-09-04,8.020000457763672,TDEX.BK ETF อ้างอิง SET50 - TDEX (ตัวแทนตลาด) (Yahoo Finance)
2025-09-05,8.09000015258789,TDEX.BK ETF อ้างอิง SET50 - TDEX (ตัวแทนตลาด) (Yahoo Finance)
2025-09-08,8.050000190734863,TDEX.BK ETF อ้างอิง SET50 - TDEX (ตัวแทนตลาด) (Yahoo Finance)
2025-09-09,8.100000381469727,TDEX.BK ETF อ้างอิง SET50 - TDEX (ตัวแทนตลาด) (Yahoo Finance)
2025-09-10,8.109999656677246,TDEX.BK ETF อ้างอิง SET50 - TDEX (ตัวแทนตลาด) (Yahoo Finance)
2025-09-11,8.1899995803833,TDEX.BK ETF อ้างอิง SET50 - TDEX (ตัวแทนตลาด) (Yahoo Finance)
2025-09-12,8.210000038146973,TDEX.BK ETF อ้างอิง SET50 - TDEX (ตัวแทนตลาด) (Yahoo Finance)
2025-09-15,8.260000228881836,TDEX.BK ETF อ้างอิง SET50 - TDEX (ตัวแทนตลาด) (Yahoo Finance)
2025-09-16,8.319999694824219,TDEX.BK ETF อ้างอิง SET50 - TDEX (ตัวแทนตลาด) (Yahoo Finance)
2025-09-17,8.34000015258789,TDEX.BK ETF อ้างอิง SET50 - TDEX (ตัวแทนตลาด) (Yahoo Finance)
2025-09-18,8.25,TDEX.BK ETF อ้างอิง SET50 - TDEX (ตัวแทนตลาด) (Yahoo Finance)
2025-09-19,8.260000228881836,TDEX.BK ETF อ้างอิง SET50 - TDEX (ตัวแทนตลาด) (Yahoo Finance)
2025-09-22,8.180000305175781,TDEX.BK ETF อ้างอิง SET50 - TDEX (ตัวแทนตลาด) (Yahoo Finance)
2025-09-23,8.119999885559082,TDEX.BK ETF อ้างอิง SET50 - TDEX (ตัวแทนตลาด) (Yahoo Finance)
2025-09-24,8.149999618530273,TDEX.BK ETF อ้างอิง SET50 - TDEX (ตัวแทนตลาด) (Yahoo Finance)
2025-09-25,8.199999809265137,TDEX.BK ETF อ้างอิง SET50 - TDEX (ตัวแทนตลาด) (Yahoo Finance)
2025-09-26,8.149999618530273,TDEX.BK ETF อ้างอิง SET50 - TDEX (ตัวแทนตลาด) (Yahoo Finance)
2025-09-29,8.229999542236328,TDEX.BK ETF อ้างอิง SET50 - TDEX (ตัวแทนตลาด) (Yahoo Finance)
2025-09-30,8.109999656677246,TDEX.BK ETF อ้างอิง SET50 - TDEX (ตัวแทนตลาด) (Yahoo Finance)
2025-10-01,8.140000343322754,TDEX.BK ETF อ้างอิง SET50 - TDEX (ตัวแทนตลาด) (Yahoo Finance)
2025-10-02,8.229999542236328,TDEX.BK ETF อ้างอิง SET50 - TDEX (ตัวแทนตลาด) (Yahoo Finance)
2025-10-03,8.260000228881836,TDEX.BK ETF อ้างอิง SET50 - TDEX (ตัวแทนตลาด) (Yahoo Finance)
2025-10-06,8.270000457763672,TDEX.BK ETF อ้างอิง SET50 - TDEX (ตัวแทนตลาด) (Yahoo Finance)
2025-10-07,8.270000457763672,TDEX.BK ETF อ้างอิง SET50 - TDEX (ตัวแทนตลาด) (Yahoo Finance)
2025-10-08,8.359999656677246,TDEX.BK ETF อ้างอิง SET50 - TDEX (ตัวแทนตลาด) (Yahoo Finance)
2025-10-09,8.369999885559082,TDEX.BK ETF อ้างอิง SET50 - TDEX (ตัวแทนตลาด) (Yahoo Finance)
2025-10-10,8.279999732971191,TDEX.BK ETF อ้างอิง SET50 - TDEX (ตัวแทนตลาด) (Yahoo Finance)
2025-10-14,8.170000076293945,TDEX.BK ETF อ้างอิง SET50 - TDEX (ตัวแทนตลาด) (Yahoo Finance)
2025-10-15,8.220000267028809,TDEX.BK ETF อ้างอิง SET50 - TDEX (ตัวแทนตลาด) (Yahoo Finance)
2025-10-16,8.239999771118164,TDEX.BK ETF อ้างอิง SET50 - TDEX (ตัวแทนตลาด) (Yahoo Finance)
2025-10-17,8.1899995803833,TDEX.BK ETF อ้างอิง SET50 - TDEX (ตัวแทนตลาด) (Yahoo Finance)
2025-10-20,8.25,TDEX.BK ETF อ้างอิง SET50 - TDEX (ตัวแทนตลาด) (Yahoo Finance)
2025-10-21,8.319999694824219,TDEX.BK ETF อ้างอิง SET50 - TDEX (ตัวแทนตลาด) (Yahoo Finance)
2025-10-22,8.380000114440918,TDEX.BK ETF อ้างอิง SET50 - TDEX (ตัวแทนตลาด) (Yahoo Finance)
2025-10-27,8.5600004196167,TDEX.BK ETF อ้างอิง SET50 - TDEX (ตัวแทนตลาด) (Yahoo Finance)
2025-10-28,8.4399995803833,TDEX.BK ETF อ้างอิง SET50 - TDEX (ตัวแทนตลาด) (Yahoo Finance)
2025-10-29,8.430000305175781,TDEX.BK ETF อ้างอิง SET50 - TDEX (ตัวแทนตลาด) (Yahoo Finance)
2025-10-30,8.420000076293945,TDEX.BK ETF อ้างอิง SET50 - TDEX (ตัวแทนตลาด) (Yahoo Finance)
2025-10-31,8.399999618530273,TDEX.BK ETF อ้างอิง SET50 - TDEX (ตัวแทนตลาด) (Yahoo Finance)
2025-11-03,8.399999618530273,TDEX.BK ETF อ้างอิง SET50 - TDEX (ตัวแทนตลาด) (Yahoo Finance)
2025-11-04,8.350000381469727,TDEX.BK ETF อ้างอิง SET50 - TDEX (ตัวแทนตลาด) (Yahoo Finance)
2025-11-05,8.350000381469727,TDEX.BK ETF อ้างอิง SET50 - TDEX (ตัวแทนตลาด) (Yahoo Finance)
2025-11-06,8.460000038146973,TDEX.BK ETF อ้างอิง SET50 - TDEX (ตัวแทนตลาด) (Yahoo Finance)
2025-11-07,8.359999656677246,TDEX.BK ETF อ้างอิง SET50 - TDEX (ตัวแทนตลาด) (Yahoo Finance)
2025-11-10,8.399999618530273,TDEX.BK ETF อ้างอิง SET50 - TDEX (ตัวแทนตลาด) (Yahoo Finance)
2025-11-11,8.420000076293945,TDEX.BK ETF อ้างอิง SET50 - TDEX (ตัวแทนตลาด) (Yahoo Finance)
2025-11-12,8.289999961853027,TDEX.BK ETF อ้างอิง SET50 - TDEX (ตัวแทนตลาด) (Yahoo Finance)
2025-11-13,8.300000190734863,TDEX.BK ETF อ้างอิง SET50 - TDEX (ตัวแทนตลาด) (Yahoo Finance)
2025-11-14,8.210000038146973,TDEX.BK ETF อ้างอิง SET50 - TDEX (ตัวแทนตลาด) (Yahoo Finance)
2025-11-17,8.25,TDEX.BK ETF อ้างอิง SET50 - TDEX (ตัวแทนตลาด) (Yahoo Finance)
2025-11-18,8.210000038146973,TDEX.BK ETF อ้างอิง SET50 - TDEX (ตัวแทนตลาด) (Yahoo Finance)
2025-11-19,8.1899995803833,TDEX.BK ETF อ้างอิง SET50 - TDEX (ตัวแทนตลาด) (Yahoo Finance)
2025-11-20,8.289999961853027,TDEX.BK ETF อ้างอิง SET50 - TDEX (ตัวแทนตลาด) (Yahoo Finance)
2025-11-21,8.109999656677246,TDEX.BK ETF อ้างอิง SET50 - TDEX (ตัวแทนตลาด) (Yahoo Finance)
2025-11-24,8.149999618530273,TDEX.BK ETF อ้างอิง SET50 - TDEX (ตัวแทนตลาด) (Yahoo Finance)
2025-11-25,8.1899995803833,TDEX.BK ETF อ้างอิง SET50 - TDEX (ตัวแทนตลาด) (Yahoo Finance)
2025-11-26,8.170000076293945,TDEX.BK ETF อ้างอิง SET50 - TDEX (ตัวแทนตลาด) (Yahoo Finance)
2025-11-27,8.149999618530273,TDEX.BK ETF อ้างอิง SET50 - TDEX (ตัวแทนตลาด) (Yahoo Finance)
2025-11-28,8.140000343322754,TDEX.BK ETF อ้างอิง SET50 - TDEX (ตัวแทนตลาด) (Yahoo Finance)
2025-12-01,8.239999771118164,TDEX.BK ETF อ้างอิง SET50 - TDEX (ตัวแทนตลาด) (Yahoo Finance)
2025-12-02,8.270000457763672,TDEX.BK ETF อ้างอิง SET50 - TDEX (ตัวแทนตลาด) (Yahoo Finance)
2025-12-03,8.25,TDEX.BK ETF อ้างอิง SET50 - TDEX (ตัวแทนตลาด) (Yahoo Finance)
2025-12-04,8.270000457763672,TDEX.BK ETF อ้างอิง SET50 - TDEX (ตัวแทนตลาด) (Yahoo Finance)
2025-12-08,8.199999809265137,TDEX.BK ETF อ้างอิง SET50 - TDEX (ตัวแทนตลาด) (Yahoo Finance)
2025-12-09,8.25,TDEX.BK ETF อ้างอิง SET50 - TDEX (ตัวแทนตลาด) (Yahoo Finance)
2025-12-11,8.1899995803833,TDEX.BK ETF อ้างอิง SET50 - TDEX (ตัวแทนตลาด) (Yahoo Finance)
2025-12-12,8.220000267028809,TDEX.BK ETF อ้างอิง SET50 - TDEX (ตัวแทนตลาด) (Yahoo Finance)
2025-12-15,8.289999961853027,TDEX.BK ETF อ้างอิง SET50 - TDEX (ตัวแทนตลาด) (Yahoo Finance)
2025-12-16,8.260000228881836,TDEX.BK ETF อ้างอิง SET50 - TDEX (ตัวแทนตลาด) (Yahoo Finance)
2025-12-17,8.279999732971191,TDEX.BK ETF อ้างอิง SET50 - TDEX (ตัวแทนตลาด) (Yahoo Finance)
2025-12-18,8.25,TDEX.BK ETF อ้างอิง SET50 - TDEX (ตัวแทนตลาด) (Yahoo Finance)
2025-12-19,8.229999542236328,TDEX.BK ETF อ้างอิง SET50 - TDEX (ตัวแทนตลาด) (Yahoo Finance)
2025-12-22,8.289999961853027,TDEX.BK ETF อ้างอิง SET50 - TDEX (ตัวแทนตลาด) (Yahoo Finance)
2025-12-23,8.300000190734863,TDEX.BK ETF อ้างอิง SET50 - TDEX (ตัวแทนตลาด) (Yahoo Finance)
2025-12-24,8.34000015258789,TDEX.BK ETF อ้างอิง SET50 - TDEX (ตัวแทนตลาด) (Yahoo Finance)
2025-12-25,8.300000190734863,TDEX.BK ETF อ้างอิง SET50 - TDEX (ตัวแทนตลาด) (Yahoo Finance)
2025-12-26,8.289999961853027,TDEX.BK ETF อ้างอิง SET50 - TDEX (ตัวแทนตลาด) (Yahoo Finance)
2025-12-29,8.239999771118164,TDEX.BK ETF อ้างอิง SET50 - TDEX (ตัวแทนตลาด) (Yahoo Finance)
2025-12-30,8.270000457763672,TDEX.BK ETF อ้างอิง SET50 - TDEX (ตัวแทนตลาด) (Yahoo Finance)
